id,closed_at,created_at,number,test,total_price,subtotal_price,total_weight,total_tax,taxes_included,currency,financial_status,confirmed,total_discounts,total_line_items_price,cancelled_at,cancel_reason,total_price_usd,reference,user_id,location_id,source_identifier,source_url,processed_at,device_id,customer_locale,app_id,browser_ip,landing_site_ref,order_number,discount_code,discount_amount,discount_type,payment_gateway_names,processing_method,checkout_id,source_name,fulfillment_status,tags,variant_id,title,quantity,price,sku,variant_title,vendor,fulfillment_service,product_id,requires_shipping,taxable,gift_card,name,product_exists,fulfillable_quantity,customer_country,customer_state,customer_city,customer_zip,shipping_code,orders_count,user_agent
4842538189,2017-01-18 22:15:38,2017-01-02 03:56:27,185684,False,41.99,39.00,150,0.00,False,USD,paid,True,0.00,39.00,,,41.99,,,,,,2017-01-02 03:56:27,,,580111,,,186684,0,0,Blank,['stripe'],direct,15582463629,web,fulfilled,,28346610625,Romeo and Juliet,1,39.00,romeo_scarf_inf,Infinity,Litographs,manual,8416232001,True,False,False,Romeo and Juliet - Infinity,True,0,United States,New York,Schenectady,12306,USPS First Class,1,"Mozilla/5.0 (Windows NT 10.0; Win64; x64) AppleWebKit/537.36 (KHTML, like Gecko) Chrome/55.0.2883.87 Safari/537.36"
4842537421,2017-01-13 22:16:37,2017-01-02 03:56:15,185683,False,82.99,68.00,301,0.00,False,USD,paid,True,0.00,68.00,,,82.99,,,,,,2017-01-02 03:56:15,,,580111,,,186683,0,0,Blank,"['gift_card', 'stripe']",direct,15582340173,web,fulfilled,,25504831297,Emma,1,34.00,emma_tee_women,Women's Crew,Litographs,manual,151524275,True,False,False,Emma - Women's Crew,True,0,Australia,New South Wales,Rouse Hill,2155,"USPS First Class - 15-30 days, no tracking",1,Mozilla/5.0 (Windows NT 6.1; WOW64; Trident/7.0; rv:11.0) like Gecko
4842490893,2017-01-12 02:59:13,2017-01-02 03:40:38,185682,False,31.99,29.00,454,0.00,False,USD,paid,True,0.00,29.00,,,31.99,,,,,,2017-01-02 03:40:38,,,580111,,,186682,0,0,Blank,['stripe'],direct,15582395789,web,fulfilled,,25470322753,Emma,1,29.00,emma_tote,,Litographs,manual,151524331,True,True,False,Emma,True,0,United States,New York,Chappaqua,10514-2753,USPS First Class,1,"Mozilla/5.0 (iPhone; CPU iPhone OS 10_2 like Mac OS X) AppleWebKit/602.3.12 (KHTML, like Gecko) Version/10.0 Mobile/14C92 Safari/602.1"
4842478669,2017-01-12 02:34:42,2017-01-02 03:36:48,185681,False,31.99,29.00,454,0.00,False,USD,paid,True,0.00,29.00,,,31.99,,,,,,2017-01-02 03:36:48,,,580111,,,186681,0,0,Blank,['stripe'],direct,15582367181,web,fulfilled,,25511181249,The Awakening,1,29.00,awakening_24x36,24x36,Litographs,manual,429976365,True,True,False,The Awakening - 24x36,True,0,United States,Wisconsin,Waukesha,53186,USPS First Class,1,"Mozilla/5.0 (iPhone; CPU iPhone OS 10_2 like Mac OS X) AppleWebKit/602.3.12 (KHTML, like Gecko) Version/10.0 Mobile/14C92 Safari/602.1"
4842349773,2017-01-12 04:34:13,2017-01-02 02:55:07,185680,False,21.99,19.00,227,0.00,False,USD,paid,True,0.00,19.00,,,21.99,,,,,,2017-01-02 02:55:07,,,580111,,,186680,0,0,Blank,['stripe'],direct,15582082573,web,fulfilled,,25510891969,Macbeth,1,19.00,macbeth_12x16,12x16 Matted,Litographs,manual,370935137,True,True,False,Macbeth - 12x16 Matted,True,0,United States,Michigan,Holland,49424,USPS First Class,4,"Mozilla/5.0 (iPhone; CPU iPhone OS 10_2 like Mac OS X) AppleWebKit/602.3.12 (KHTML, like Gecko) Version/10.0 Mobile/14C92 Safari/602.1"
4842333069,2017-01-11 22:51:50,2017-01-02 02:49:57,185679,False,21.99,19.00,227,0.00,False,USD,paid,True,0.00,19.00,,,21.99,,,,,,2017-01-02 02:49:57,,,580111,,,186679,0,0,Blank,['stripe'],direct,15582039501,web,fulfilled,,25510891969,Macbeth,1,19.00,macbeth_12x16,12x16 Matted,Litographs,manual,370935137,True,True,False,Macbeth - 12x16 Matted,True,0,United States,Michigan,Holland,49424,USPS First Class,4,"Mozilla/5.0 (iPhone; CPU iPhone OS 10_2 like Mac OS X) AppleWebKit/602.3.12 (KHTML, like Gecko) Version/10.0 Mobile/14C92 Safari/602.1"
4842328973,2017-01-12 03:56:15,2017-01-02 02:48:56,185678,False,19.99,17.00,150,0.00,False,USD,paid,True,0.00,17.00,,,19.99,,,,,,2017-01-02 02:48:56,,,580111,,,186678,0,0,Blank,['stripe'],direct,15582009037,web,fulfilled,,29613107661,T-shirt Grab Bag,1,17.00,default_grabbag_tee_women_2xl,Women's Crew / 2XL,Litographs,manual,8644745037,True,False,False,T-shirt Grab Bag - Women's Crew / 2XL,True,0,United States,Georgia,Decatur ,30034,USPS First Class,2,"Mozilla/5.0 (Windows NT 10.0; Win64; x64) AppleWebKit/537.36 (KHTML, like Gecko) Chrome/55.0.2883.87 Safari/537.36"
4842318605,2017-01-12 02:35:54,2017-01-02 02:45:23,185677,False,21.99,19.00,227,0.00,False,USD,paid,True,0.00,19.00,,,21.99,,,,,,2017-01-02 02:45:23,,,580111,,,186677,0,0,Blank,['stripe'],direct,15582000589,web,fulfilled,,25510891969,Macbeth,1,19.00,macbeth_12x16,12x16 Matted,Litographs,manual,370935137,True,True,False,Macbeth - 12x16 Matted,True,0,United States,Michigan,Holland,49424,USPS First Class,4,"Mozilla/5.0 (iPhone; CPU iPhone OS 10_2 like Mac OS X) AppleWebKit/602.3.12 (KHTML, like Gecko) Version/10.0 Mobile/14C92 Safari/602.1"
4842306573,2017-01-14 00:13:18,2017-01-02 02:41:45,185676,False,36.99,34.00,150,0.00,False,USD,paid,True,0.00,34.00,,,36.99,,,,,,2017-01-02 02:41:45,,,580111,,,186676,0,0,Blank,['stripe'],direct,15581977677,web,fulfilled,,25507392001,Throne of Glass,1,34.00,glass2_tee_unisex,Unisex,Litographs,manual,3928528769,True,False,False,Throne of Glass - Unisex,True,0,United States,Maryland,Tracys Landing,20779,USPS First Class,1,"Mozilla/5.0 (Macintosh; Intel Mac OS X 10_11_6) AppleWebKit/601.7.7 (KHTML, like Gecko) Version/9.1.2 Safari/601.7.7"
4842304269,2017-01-13 22:16:31,2017-01-02 02:41:10,185675,False,36.99,34.00,150,0.00,False,USD,paid,True,0.00,34.00,,,36.99,,,,,,2017-01-02 02:41:10,,,580111,,,186675,0,0,Blank,['gift_card'],gift_cards_only,15581985037,web,fulfilled,,25507263233,The Wind in the Willows,1,34.00,wind_tee_vneck,Women's V-Neck,Litographs,manual,151551117,True,False,False,The Wind in the Willows - Women's V-Neck,True,0,United States,Oklahoma,OKLAHOMA CITY,73120-1323,USPS First Class,2,"Mozilla/5.0 (iPhone; CPU iPhone OS 10_2 like Mac OS X) AppleWebKit/602.3.12 (KHTML, like Gecko) Version/10.0 Mobile/14C92 Safari/602.1"
4842287437,2017-01-18 22:15:36,2017-01-02 02:36:11,185674,False,48.99,39.00,150,0.00,False,USD,paid,True,0.00,39.00,,,48.99,,,,,,2017-01-02 02:36:11,,,580111,,,186674,0,0,Blank,['stripe'],direct,15581946317,web,fulfilled,,28347878145,Tess of the D'urbervilles,1,39.00,tess_scarf_inf,Infinity,Litographs,manual,8416632129,True,False,False,Tess of the D'urbervilles - Infinity,True,0,Australia,Victoria,Macleod,3085,"USPS First Class - 15-30 days, no tracking",1,"Mozilla/5.0 (iPhone; CPU iPhone OS 9_3_5 like Mac OS X) AppleWebKit/601.1.46 (KHTML, like Gecko) Mobile/13G36 [FBAN/FBIOS;FBAV/63.0.0.37.140;FBBV/37606630;FBRV/0;FBDV/iPhone7,2;FBMD/iPhone;FBSN/iPhone OS;FBSV/9.3.5;FBSS/2;FBCR/Telstra;FBID/phone;FBLC/en_GB;FBOP/5]"
4842281421,2017-01-12 01:56:32,2017-01-02 02:34:32,185673,False,0.00,0.00,0,0.00,False,USD,paid,True,0.00,0.00,,,0.00,,,,,,2017-01-02 02:34:32,,,1039724,,,186673,0,0,Blank,[],,,1039724,fulfilled,,25506887553,The Old Man and the Sea,1,0.00,oldman_tee_unisex,Unisex,,manual,457485653,True,True,False,The Old Man and the Sea - Unisex,True,0,Canada,Manitoba,Winkler,R6W 4A8,,3,
4842235597,2017-01-18 22:15:34,2017-01-02 02:21:30,185672,False,41.99,39.00,150,0.00,False,USD,paid,True,0.00,39.00,,,41.99,,,,,,2017-01-02 02:21:30,,,580111,,,186672,0,0,Blank,['gift_card'],gift_cards_only,15581835725,web,fulfilled,,27558581377,Chasers of the Light: Poems from the Typewriter Series,1,39.00,chasers_scarf_inf,Infinity,Litographs,manual,8239496001,True,False,False,Chasers of the Light: Poems from the Typewriter Series - Infinity,True,0,United States,Michigan,Ishpeming,49849,USPS First Class,1,Mozilla/5.0 (Windows NT 10.0; WOW64; rv:50.0) Gecko/20100101 Firefox/50.0
4842172941,2017-01-12 02:38:50,2017-01-02 02:00:43,185671,False,26.99,24.00,227,0.00,False,USD,paid,True,0.00,24.00,,,26.99,,,,,,2017-01-02 02:00:43,,,580111,,,186671,0,0,Blank,['stripe'],direct,15581676301,web,fulfilled,,25510946497,Persuasion,1,24.00,persuasion_18x24,18x24,Litographs,manual,127810792,True,True,False,Persuasion - 18x24,True,0,United States,Missouri,St Louis,63108,USPS First Class,2,"Mozilla/5.0 (Macintosh; Intel Mac OS X 10_11_6) AppleWebKit/537.36 (KHTML, like Gecko) Chrome/55.0.2883.95 Safari/537.36"
4842103437,2017-01-11 22:34:18,2017-01-02 01:39:41,185670,False,36.99,34.00,150,0.00,False,USD,paid,True,0.00,34.00,,,36.99,,,,,,2017-01-02 01:39:41,,,580111,,,186670,0,0,Blank,['stripe'],direct,15581550157,web,fulfilled,,25506047745,Slaughterhouse-Five,1,34.00,pooteeweet_tee_unisex,Unisex,Litographs,manual,3546381249,True,False,False,Slaughterhouse-Five - Unisex,True,0,United States,Texas,Austin,78703,USPS First Class,1,"Mozilla/5.0 (Windows NT 10.0; WOW64) AppleWebKit/537.36 (KHTML, like Gecko) Chrome/55.0.2883.87 Safari/537.36"
4842051277,2017-01-12 02:22:14,2017-01-02 01:23:26,185669,False,36.99,34.00,150,0.00,False,USD,paid,True,0.00,34.00,,,36.99,,,,,,2017-01-02 01:23:26,,,580111,,,186669,0,0,Blank,['stripe'],direct,15581387405,web,fulfilled,,25505320833,Little Women,1,34.00,women_tee_unisex,Unisex,Litographs,manual,151525709,True,False,False,Little Women - Unisex,True,0,United States,Missouri,Knob Noster,65336,USPS First Class,1,"Mozilla/5.0 (Windows NT 10.0; WOW64) AppleWebKit/537.36 (KHTML, like Gecko) Chrome/55.0.2883.87 Safari/537.36"
4842024333,2017-01-11 22:03:42,2017-01-02 01:14:29,185668,False,0.00,0.00,0,0.00,False,USD,paid,True,0.00,0.00,,,0.00,,,,,,2017-01-02 01:14:29,,,1039724,,,186668,0,0,Blank,[],,,1039724,fulfilled,,25507021825,The Princess Bride,1,0.00,pb2film_tee_vneck,Women's V-Neck,,manual,3684131009,True,True,False,The Princess Bride - Women's V-Neck,True,0,United States,Texas,PLANO,75025-4723,,2,
4841992205,2017-01-12 03:15:24,2017-01-02 01:04:10,185667,False,0.00,0.00,0,0.00,False,USD,paid,True,0.00,0.00,,,0.00,,,,,,2017-01-02 01:04:10,,,1039724,,,186667,0,0,Blank,[],,,1039724,fulfilled,,25504708161,Cinder,1,0.00,cinder_tee_women,Women's Crew,,manual,3715442561,True,True,False,Cinder - Women's Crew,True,0,United States,Texas,WALLER,77484-3476,,2,
4841984269,2017-01-12 04:56:57,2017-01-02 01:01:51,185666,False,0.00,0.00,0,0.00,False,USD,paid,True,0.00,0.00,,,0.00,,,,,,2017-01-02 01:01:51,,,1039724,,,186666,0,0,Blank,[],,,1039724,fulfilled,,25507009857,The Princess Bride,1,0.00,pb1_tee_vneck,Women's V-Neck,,manual,3684096001,True,True,False,The Princess Bride - Women's V-Neck,True,0,United States,Wisconsin,SHERWOOD,54169-9697,,2,
4841981645,2017-01-11 23:17:09,2017-01-02 01:00:47,185665,False,0.00,0.00,0,0.00,False,USD,paid,True,0.00,0.00,,,0.00,,,,,,2017-01-02 01:00:47,,,1039724,,,186665,0,0,Blank,[],,,1039724,fulfilled,,25504476737,A Tale of Two Cities,1,0.00,twocities_tee_women,Women's Crew,,manual,151522933,True,True,False,A Tale of Two Cities - Women's Crew,True,0,United States,Ohio,Doylestown,44230,,3,
4841977037,2017-01-12 02:14:42,2017-01-02 00:59:01,185664,False,0.00,0.00,0,0.00,False,USD,paid,True,0.00,0.00,,,0.00,,,,,,2017-01-02 00:59:01,,,1039724,,,186664,0,0,Blank,[],,,1039724,fulfilled,,25505848449,Pride and Prejudice,1,0.00,prejudice_tee_women,Women's Crew,,manual,1833843265,True,True,False,Pride and Prejudice - Women's Crew,True,0,United States,Ohio,Doylestown,44230,,3,
4841973709,2017-01-12 02:15:46,2017-01-02 00:58:09,185663,False,0.00,0.00,0,0.00,False,USD,paid,True,0.00,0.00,,,0.00,,,,,,2017-01-02 00:58:09,,,1039724,,,186663,0,0,Blank,[],,,1039724,fulfilled,,25507143681,The Sun Also Rises,1,0.00,sun_tee_unisex,Unisex,,manual,417787641,True,True,False,The Sun Also Rises - Unisex,True,0,United States,Virginia,ARLINGTON,22202-7405,,2,
4841949389,2017-01-11 23:44:16,2017-01-02 00:50:23,185662,False,0.00,0.00,0,0.00,False,USD,paid,True,0.00,0.00,,,0.00,,,,,,2017-01-02 00:50:23,,,1039724,,,186662,0,0,Blank,[],,,1039724,fulfilled,,27598738753,The Tell-Tale Heart,1,0.00,telltale_tee_women,Women's Crew,,manual,8249665857,True,True,False,The Tell-Tale Heart - Women's Crew,True,0,United States,Oregon,Portland,97202-8199,,2,
4841940941,2017-01-12 04:25:53,2017-01-02 00:47:28,185661,False,0.00,0.00,0,0.00,False,USD,paid,True,0.00,0.00,,,0.00,,,,,,2017-01-02 00:47:28,,,1039724,,,186661,0,0,Blank,[],,,1039724,fulfilled,,29046343309,Alice's Adventures in Wonderland,1,0.00,whiterabbit_tee_unisex,Unisex,,manual,8535465869,True,True,False,Alice's Adventures in Wonderland - Unisex,True,0,United States,Texas,Houston,77095,,1,
4841937037,2017-01-11 23:11:10,2017-01-02 00:46:07,185660,False,43.99,29.00,454,0.00,False,USD,paid,True,0.00,29.00,,,43.99,,,,,,2017-01-02 00:46:07,,,580111,,,186660,0,0,Blank,['stripe'],direct,15581151949,web,fulfilled,,25487220865,Pride and Prejudice,1,29.00,pride_tote,,Litographs,manual,151552521,True,True,False,Pride and Prejudice,True,0,Australia,Queensland,Elimbah,4516,"USPS First Class - 15-30 days, no tracking",1,"Mozilla/5.0 (iPhone; CPU iPhone OS 10_2 like Mac OS X) AppleWebKit/602.3.12 (KHTML, like Gecko) Version/10.0 Mobile/14C92 Safari/602.1"
4841923661,2017-01-11 23:22:09,2017-01-02 00:42:09,185659,False,36.99,34.00,150,0.00,False,USD,paid,True,0.00,34.00,,,36.99,,,,,,2017-01-02 00:42:09,,,580111,,,186659,0,0,Blank,['stripe'],direct,15581106765,web,fulfilled,,25505283393,Les Misérables,1,34.00,lesmis_tee_unisex,Unisex,Litographs,manual,151525637,True,False,False,Les Misérables - Unisex,True,0,United States,Kentucky,Owensboro,42303,USPS First Class,1,"Mozilla/5.0 (Macintosh; Intel Mac OS X 10_11_6) AppleWebKit/602.3.12 (KHTML, like Gecko) Version/10.0.2 Safari/602.3.12"
4841914061,2017-01-12 01:58:47,2017-01-02 00:39:27,185658,False,29.09,26.10,454,0.00,False,USD,paid,True,2.90,29.00,,,29.09,,,,,,2017-01-02 00:39:27,,,580111,,,186658,HOLIDAY10,2.90,percentage,['stripe'],direct,15581134477,web,fulfilled,,25477424833,The Great Gatsby,1,29.00,gatsby_tote,,Litographs,manual,151547461,True,True,False,The Great Gatsby,True,0,United States,California,San Francisco,94103,USPS First Class,1,"Mozilla/5.0 (iPhone; CPU iPhone OS 10_2 like Mac OS X) AppleWebKit/602.1.50 (KHTML, like Gecko) CriOS/55.0.2883.79 Mobile/14C92 Safari/602.1"
4841909325,2017-01-11 22:02:36,2017-01-02 00:38:05,185657,False,0.00,0.00,0,0.00,False,USD,paid,True,0.00,0.00,,,0.00,,,,,,2017-01-02 00:38:05,,,1039724,,,186657,0,0,Blank,[],,,1039724,fulfilled,,25511019329,Siddhartha,1,0.00,siddhartha_24x36,24x36,,manual,107144240,True,True,False,Siddhartha - 24x36,True,0,United States,California,ESCALON,95320-8420,,2,
4841903117,2017-01-11 23:43:05,2017-01-02 00:35:58,185656,False,0.00,0.00,0,0.00,False,USD,paid,True,0.00,0.00,,,0.00,,,,,,2017-01-02 00:35:58,,,1039724,,,186656,0,0,Blank,[],,,1039724,fulfilled,,25487220865,Pride and Prejudice,1,0.00,pride_tote,,,manual,151552521,True,True,False,Pride and Prejudice,True,0,United States,Iowa,Des Moines,50309,,3,
4841896781,2017-01-12 03:56:12,2017-01-02 00:34:03,185655,False,0.00,0.00,0,0.00,False,USD,paid,True,0.00,0.00,,,0.00,,,,,,2017-01-02 00:34:03,,,1039724,,,186655,0,0,Blank,[],,,1039724,fulfilled,,29020913293,Scarlet,1,0.00,scarletmeyer_12x16,12x16 Matted,,manual,8528253261,True,True,False,Scarlet - 12x16 Matted,True,0,United States,North Carolina,Carrboro,27510,,1,
4841879245,2017-01-18 22:15:33,2017-01-02 00:28:53,185654,False,0.00,0.00,0,0.00,False,USD,paid,True,0.00,0.00,,,0.00,,,,,,2017-01-02 00:28:53,,,1039724,,,186654,0,0,Blank,[],,,1039724,fulfilled,,28347533057,The Sun Also Rises,1,0.00,sun_scarf_inf,Infinity,,manual,8416590081,True,True,False,The Sun Also Rises - Infinity,True,0,United States,Florida,ORLANDO,32821-9393,,2,
4841874317,2017-01-12 02:55:53,2017-01-02 00:27:16,185653,False,21.99,19.00,227,0.00,False,USD,paid,True,0.00,19.00,,,21.99,,,,,,2017-01-02 00:27:16,,,580111,,,186653,0,0,Blank,['stripe'],direct,15581003789,web,fulfilled,,25511769729,The Last Unicorn,1,19.00,unicorn_12x16,12x16 Matted,Litographs,manual,132689731,True,True,False,The Last Unicorn - 12x16 Matted,True,0,United States,Tennessee,Knoxville,37920,USPS First Class,1,Mozilla/5.0 (Windows NT 10.0; WOW64; rv:50.0) Gecko/20100101 Firefox/50.0
4841864461,2017-01-11 23:26:41,2017-01-02 00:24:05,185652,False,43.99,29.00,454,0.00,False,USD,paid,True,0.00,29.00,,,43.99,,,,,,2017-01-02 00:24:05,,,580111,,,186652,0,0,Blank,['stripe'],direct,15581006349,web,fulfilled,,29046319437,Alice's Adventures in Wonderland,1,29.00,whiterabbit_tote,,Litographs,manual,8535456525,True,True,False,Alice's Adventures in Wonderland,True,0,Australia,Victoria,Narre Warren,3805,"USPS First Class - 15-30 days, no tracking",1,"Mozilla/5.0 (iPhone; CPU iPhone OS 10_1_1 like Mac OS X) AppleWebKit/602.2.14 (KHTML, like Gecko) Version/10.0 Mobile/14B100 Safari/602.1"
4841837581,2017-01-13 03:32:08,2017-01-02 00:15:46,185651,False,54.09,44.10,150,0.00,False,USD,paid,True,4.90,49.00,,,54.09,,,,,,2017-01-02 00:15:46,,,580111,,,186651,Holiday10,4.90,percentage,['stripe'],direct,15535501709,web,fulfilled,,27773941953,Custom Scarf,1,49.00,custom_scarf_inf,Infinity / Single Scarf,Litographs,manual,8288574337,True,False,False,Custom Scarf - Infinity / Single Scarf,True,0,Australia,South Australia,Semaphore Park,5019,"USPS First Class - 15-30 days, no tracking",1,"Mozilla/5.0 (Windows NT 10.0; WOW64) AppleWebKit/537.36 (KHTML, like Gecko) Chrome/55.0.2883.87 Safari/537.36"
4841831117,2017-01-11 23:41:55,2017-01-02 00:13:39,185650,False,68.00,68.00,301,0.00,False,USD,paid,True,0.00,68.00,,,68.00,,,,,,2017-01-02 00:13:39,,,580111,,,186650,0,0,Blank,['stripe'],direct,15580828685,web,fulfilled,,25504606465,Beowulf,1,34.00,beowulf_tee_unisex,Unisex,Litographs,manual,465600309,True,False,False,Beowulf - Unisex,True,0,United States,Illinois,GENEVA,60134-3658,USPS First Class,2,"Mozilla/5.0 (Windows NT 10.0; WOW64) AppleWebKit/537.36 (KHTML, like Gecko) Chrome/55.0.2883.87 Safari/537.36"
4841829581,2017-01-18 22:15:31,2017-01-02 00:13:10,185649,False,2.99,0.00,601,0.00,False,USD,paid,True,196.00,196.00,,,2.99,,,,,,2017-01-02 00:13:10,,,580111,,,186649,TSIKIM,196.00,fixed_amount,['gift_card'],gift_cards_only,15580944013,web,fulfilled,,27773941953,Custom Scarf,1,49.00,custom_scarf_inf,Infinity / Single Scarf,Litographs,manual,8288574337,True,False,False,Custom Scarf - Infinity / Single Scarf,True,0,United States,Maryland,Bel Air,21014,USPS First Class,2,"Mozilla/5.0 (Macintosh; Intel Mac OS X 10_10_5) AppleWebKit/602.1.50 (KHTML, like Gecko) Version/10.0 Safari/602.1.50"
4841825229,2017-01-11 22:43:48,2017-01-02 00:11:33,185648,False,36.99,34.00,150,0.00,False,USD,paid,True,0.00,34.00,,,36.99,,,,,,2017-01-02 00:11:33,,,580111,,,186648,0,0,Blank,['stripe'],direct,15580916301,web,fulfilled,,25506183105,The Adventures of Sherlock Holmes,1,34.00,sherlock_tee_unisex,Unisex,Litographs,manual,151545355,True,False,False,The Adventures of Sherlock Holmes - Unisex,True,0,United States,Idaho,Moscow,83843,USPS First Class,1,"Mozilla/5.0 (Windows NT 6.1; WOW64) AppleWebKit/537.36 (KHTML, like Gecko) Chrome/55.0.2883.87 Safari/537.36"
4841814221,2017-01-18 22:15:30,2017-01-02 00:08:23,185647,False,41.99,39.00,150,0.00,False,USD,paid,True,0.00,39.00,,,41.99,,,,,,2017-01-02 00:08:23,,,580111,,,186647,0,0,Blank,['stripe'],direct,15580900173,web,fulfilled,,25456188225,A Midsummer Night's Dream,1,39.00,midsummer_scarf_inf,Infinity,Litographs,manual,7833094081,True,False,False,A Midsummer Night's Dream - Infinity,True,0,United States,California,Sacramento,95833,USPS First Class,1,"Mozilla/5.0 (Macintosh; Intel Mac OS X 10_10_5) AppleWebKit/602.3.12 (KHTML, like Gecko) Version/10.0.2 Safari/602.3.12"
4841797325,2017-01-18 22:15:28,2017-01-02 00:02:59,185646,False,41.99,39.00,150,0.00,False,USD,paid,True,0.00,39.00,,,41.99,,,,,,2017-01-02 00:02:59,,,580111,,,186646,0,0,Blank,['stripe'],direct,15580861965,web,fulfilled,,28343522241,Anna Karenina,1,39.00,karenina_scarf_inf,Infinity,Litographs,manual,8415677825,True,False,False,Anna Karenina - Infinity,True,0,United States,Massachusetts,New Bedford,02745,USPS First Class,1,Mozilla/5.0 (Windows NT 6.3; WOW64; rv:50.0) Gecko/20100101 Firefox/50.0
4841725389,2017-01-12 21:25:02,2017-01-01 23:39:26,185645,False,49.00,49.00,150,0.00,False,USD,paid,True,0.00,49.00,,,49.00,,,,,,2017-01-01 23:39:26,,,580111,,,186645,0,0,Blank,['stripe'],direct,15580692557,web,fulfilled,,27773941953,Custom Scarf,1,49.00,custom_scarf_inf,Infinity / Single Scarf,Litographs,manual,8288574337,True,False,False,Custom Scarf - Infinity / Single Scarf,True,0,United States,New York,Port Jefferson Station,11776,USPS First Class,2,"Mozilla/5.0 (Macintosh; Intel Mac OS X 10_10_5) AppleWebKit/602.2.14 (KHTML, like Gecko) Version/10.0.1 Safari/602.2.14"
4841666573,2017-01-12 02:21:12,2017-01-01 23:21:55,185644,False,0.00,0.00,0,0.00,False,USD,paid,True,0.00,0.00,,,0.00,,,,,,2017-01-01 23:21:55,,,1039724,,,186644,0,0,Blank,[],,,1039724,fulfilled,,25507392001,Throne of Glass,1,0.00,glass2_tee_unisex,Unisex,,manual,3928528769,True,True,False,Throne of Glass - Unisex,True,0,United States,North Carolina,DURHAM,27703-5814,,2,
4841660877,2017-01-11 23:43:00,2017-01-01 23:20:07,185643,False,36.99,34.00,150,0.00,False,USD,paid,True,0.00,34.00,,,36.99,,,,,,2017-01-01 23:20:07,,,580111,,,186643,0,0,Blank,['gift_card'],gift_cards_only,15580560525,web,fulfilled,,25506566529,The Great Gatsby,1,34.00,gatsby_tee_vneck,Women's V-Neck,Litographs,manual,151547435,True,False,False,The Great Gatsby - Women's V-Neck,True,0,United States,Maryland,Rockville,20855,USPS First Class,1,"Mozilla/5.0 (Linux; Android 6.0.1; SM-G930V Build/MMB29M) AppleWebKit/537.36 (KHTML, like Gecko) Chrome/55.0.2883.91 Mobile Safari/537.36"
4841578957,2017-01-12 21:51:58,2017-01-01 22:57:48,185642,False,41.99,39.00,150,0.00,False,USD,paid,True,0.00,39.00,,,41.99,,,,,,2017-01-01 22:57:48,,,580111,,,186642,0,0,Blank,['stripe'],direct,15580344461,web,fulfilled,,25456188225,A Midsummer Night's Dream,1,39.00,midsummer_scarf_inf,Infinity,Litographs,manual,7833094081,True,False,False,A Midsummer Night's Dream - Infinity,True,0,United States,Massachusetts,WEST SPRINGFIELD,01089,USPS First Class,1,"Mozilla/5.0 (Windows NT 10.0; WOW64) AppleWebKit/537.36 (KHTML, like Gecko) Chrome/55.0.2883.87 Safari/537.36"
4841575949,2017-01-12 05:16:49,2017-01-01 22:57:13,185641,False,0.00,0.00,0,0.00,False,USD,paid,True,0.00,0.00,,,0.00,,,,,,2017-01-01 22:57:13,,,1039724,,,186641,0,0,Blank,[],,,1039724,fulfilled,,25499037057,Outlander,1,0.00,outlander_tote,,,manual,1989313601,True,True,False,Outlander,True,0,Canada,Newfoundland,Torbay,A1K1L8,,2,
4841553485,2017-01-12 00:22:43,2017-01-01 22:51:26,185640,False,26.99,24.00,227,0.00,False,USD,paid,True,0.00,24.00,,,26.99,,,,,,2017-01-01 22:51:26,,,580111,,,186640,0,0,Blank,['stripe'],direct,15580302861,web,fulfilled,,25511948673,The Republic,1,24.00,plato_18x24,18x24,Litographs,manual,107529614,True,True,False,The Republic - 18x24,True,0,United States,Illinois,Chicago,60614,USPS First Class,2,"Mozilla/5.0 (Macintosh; Intel Mac OS X 10_11_5) AppleWebKit/537.36 (KHTML, like Gecko) Chrome/55.0.2883.95 Safari/537.36"
4841550093,2017-01-12 01:22:08,2017-01-01 22:50:23,185639,False,43.99,34.00,150,0.00,False,USD,paid,True,0.00,34.00,,,43.99,,,,,,2017-01-01 22:50:23,,,580111,,,186639,0,0,Blank,['stripe'],direct,15580279309,web,fulfilled,,25504580353,Around the World in 80 Days,1,34.00,world_tee_unisex,Unisex,Litographs,manual,151523607,True,False,False,Around the World in 80 Days - Unisex,True,0,United Kingdom,,Bristol,BS7 9LA,"USPS First Class - 15-30 days, no tracking",1,"Mozilla/5.0 (Macintosh; Intel Mac OS X 10_12_1) AppleWebKit/602.2.14 (KHTML, like Gecko) Version/10.0.1 Safari/602.2.14"
4841546829,2017-01-13 03:04:47,2017-01-01 22:49:32,185638,False,41.99,39.00,150,0.00,False,USD,paid,True,0.00,39.00,,,41.99,,,,,,2017-01-01 22:49:32,,,580111,,,186638,0,0,Blank,['stripe'],direct,15580283917,web,fulfilled,,25455285889,Hamlet,1,39.00,hamlet_scarf_inf,Infinity,Litographs,manual,7832952513,True,False,False,Hamlet - Infinity,True,0,United States,New York,New City,10956,USPS First Class,1,"Mozilla/5.0 (Linux; Android 6.0.1; SM-N910T Build/MMB29M) AppleWebKit/537.36 (KHTML, like Gecko) Chrome/55.0.2883.91 Mobile Safari/537.36"
4841528589,2017-01-12 04:40:14,2017-01-01 22:44:57,185637,False,0.00,0.00,0,0.00,False,USD,paid,True,0.00,0.00,,,0.00,,,,,,2017-01-01 22:44:57,,,1039724,,,186637,0,0,Blank,[],,,1039724,fulfilled,,25495355137,A Midsummer Night’s Dream,1,0.00,midsummer_tote,,,manual,425439245,True,True,False,A Midsummer Night’s Dream,True,0,New Zealand,Wellington,Brooklyn,6021,,2,
4841454605,2017-01-12 02:31:12,2017-01-01 22:23:00,185636,False,36.99,34.00,150,0.00,False,USD,paid,True,0.00,34.00,,,36.99,,,,,,2017-01-01 22:23:00,,,580111,,,186636,0,0,Blank,['stripe'],direct,15580052365,web,fulfilled,,25506566529,The Great Gatsby,1,34.00,gatsby_tee_vneck,Women's V-Neck,Litographs,manual,151547435,True,False,False,The Great Gatsby - Women's V-Neck,True,0,United States,Georgia,Lilburn,30047,USPS First Class,1,"Mozilla/5.0 (iPad; CPU OS 10_2 like Mac OS X) AppleWebKit/602.3.12 (KHTML, like Gecko) Mobile/14C92 [FBAN/FBIOS;FBAV/75.0.0.48.61;FBBV/45926345;FBRV/0;FBDV/iPad5,3;FBMD/iPad;FBSN/iOS;FBSV/10.2;FBSS/2;FBCR/;FBID/tablet;FBLC/en_US;FBOP/5]"
4841371213,2017-01-12 03:19:34,2017-01-01 21:56:09,185635,False,43.99,34.00,150,0.00,False,USD,paid,True,0.00,34.00,,,43.99,,,,,,2017-01-01 21:56:09,,,580111,,,186635,0,0,Blank,['stripe'],direct,15579833229,web,fulfilled,,25505963841,Romeo and Juliet,1,34.00,juliet_tee_unisex,Unisex,Litographs,manual,2112652033,True,False,False,Romeo and Juliet - Unisex,True,0,Brazil,Bahia,salvador,40296250,"USPS First Class - 15-30 days, no tracking",1,"Mozilla/5.0 (X11; Linux x86_64) AppleWebKit/537.36 (KHTML, like Gecko) Chrome/54.0.2840.100 Safari/537.36"
4841366861,2017-01-12 21:29:11,2017-01-01 21:54:30,185634,False,41.99,39.00,150,0.00,False,USD,paid,True,0.00,39.00,,,41.99,,,,,,2017-01-01 21:54:30,,,580111,,,186634,0,0,Blank,['stripe'],direct,15579816717,web,fulfilled,,27124500801,The Phantom of the Opera,1,39.00,phantom_scarf_inf,Infinity,Litographs,manual,8161675329,True,False,False,The Phantom of the Opera - Infinity,True,0,United States,Florida,St. Augustine,32086,USPS First Class,1,"Mozilla/5.0 (Windows NT 10.0; WOW64) AppleWebKit/537.36 (KHTML, like Gecko) Chrome/55.0.2883.87 Safari/537.36"
4841346637,2017-01-13 19:58:11,2017-01-01 21:48:04,185633,False,41.99,39.00,150,0.00,False,USD,paid,True,0.00,39.00,,,41.99,,,,,,2017-01-01 21:48:04,,,580111,,,186633,0,0,Blank,['stripe'],direct,15532888461,web,fulfilled,,25506907265,The Phantom of the Opera,1,34.00,phantom_tee_vneck,Women's V-Neck,Litographs,manual,151548955,True,False,False,The Phantom of the Opera - Women's V-Neck,True,0,United States,Pennsylvania,Trucksville ,18708,USPS First Class,1,"Mozilla/5.0 (iPad; CPU OS 9_3_5 like Mac OS X) AppleWebKit/601.1.46 (KHTML, like Gecko) Version/9.0 Mobile/13G36 Safari/601.1"
4841307789,2017-01-12 00:32:46,2017-01-01 21:35:40,185632,False,53.00,53.00,377,0.00,False,USD,paid,True,0.00,53.00,,,53.00,,,,,,2017-01-01 21:35:40,,,580111,,,186632,0,0,Blank,['stripe'],direct,15579664333,web,fulfilled,,25504606465,Beowulf,1,34.00,beowulf_tee_unisex,Unisex,Litographs,manual,465600309,True,False,False,Beowulf - Unisex,True,0,United States,Rhode Island,West Kingston,02892,USPS First Class,1,"Mozilla/5.0 (Macintosh; Intel Mac OS X 10_11_6) AppleWebKit/537.36 (KHTML, like Gecko) Chrome/55.0.2883.95 Safari/537.36"
4841294989,2017-01-12 01:47:14,2017-01-01 21:32:32,185631,False,31.99,29.00,454,0.00,False,USD,paid,True,0.00,29.00,,,31.99,,,,,,2017-01-01 21:32:32,,,580111,,,186631,0,0,Blank,['stripe'],direct,15578624973,web,fulfilled,,25487220865,Pride and Prejudice,1,29.00,pride_tote,,Litographs,manual,151552521,True,True,False,Pride and Prejudice,True,0,United States,Wisconsin,Rhinelander,54501,USPS First Class,1,"Mozilla/5.0 (iPhone; CPU iPhone OS 10_0_1 like Mac OS X) AppleWebKit/602.1.50 (KHTML, like Gecko) CriOS/55.0.2883.79 Mobile/14A403 Safari/602.1"
4841290189,2017-01-18 22:15:27,2017-01-01 21:30:58,185630,False,47.99,39.00,150,0.00,False,USD,paid,True,0.00,39.00,,,47.99,,,,,,2017-01-01 21:30:58,,,580111,,,186630,0,0,Blank,['stripe'],direct,15579634893,web,fulfilled,,25454505217,Les Miserables,1,39.00,lesmis_scarf_inf,Infinity,Litographs,manual,7832857793,True,False,False,Les Miserables - Infinity,True,0,Canada,Manitoba,Morris,R0G 1K0,"USPS First Class - 10-20 days, no tracking",2,"Mozilla/5.0 (Windows NT 10.0; WOW64) AppleWebKit/537.36 (KHTML, like Gecko) Chrome/55.0.2883.87 Safari/537.36"
4841275661,2017-01-01 21:26:26,2017-01-01 21:26:25,185629,False,50.00,50.00,0,0.00,False,USD,paid,True,0.00,50.00,,,50.00,,,,,,2017-01-01 21:26:25,,,580111,,,186629,0,0,Blank,['stripe'],direct,15579608589,web,fulfilled,,23652234881,Gift Card,1,50.00,gc_50,50,litographs-test,gift_card,7470835073,False,False,True,Gift Card - 50,True,0,United States,Alabama,Harvest,35749,,1,Mozilla/5.0 (compatible; MSIE 9.0; Windows NT 6.0; WOW64; Trident/5.0)
4841242189,2017-01-18 22:15:25,2017-01-01 21:16:19,185628,False,47.99,39.00,150,0.00,False,USD,paid,True,0.00,39.00,,,47.99,,,,,,2017-01-01 21:16:19,,,580111,,,186628,0,0,Blank,['stripe'],direct,15579523597,web,fulfilled,,27558131905,Outlander,1,39.00,outlander_scarf_inf,Infinity,Litographs,manual,8239361537,True,False,False,Outlander - Infinity,True,0,Canada,Alberta,Edmonton,T6J 6S1,"USPS First Class - 10-20 days, no tracking",1,"Mozilla/5.0 (Windows NT 10.0; Win64; x64) AppleWebKit/537.36 (KHTML, like Gecko) Chrome/55.0.2883.87 Safari/537.36"
4841197901,2017-01-13 02:54:59,2017-01-01 21:02:20,185627,False,41.99,39.00,150,0.00,False,USD,paid,True,0.00,39.00,,,41.99,,,,,,2017-01-01 21:02:20,,,580111,,,186627,0,0,Blank,['stripe'],direct,15579413965,web,fulfilled,,25454873025,The Secret Garden,1,39.00,garden_scarf_inf,Infinity,Litographs,manual,7832903745,True,False,False,The Secret Garden - Infinity,True,0,United States,South Dakota,Rapid City,57703,USPS First Class,1,"Mozilla/5.0 (Windows NT 10.0) AppleWebKit/537.36 (KHTML, like Gecko) Chrome/51.0.2704.79 Safari/537.36 Edge/14.14393"
4841174093,2017-01-12 00:15:15,2017-01-01 20:54:25,185626,False,31.99,29.00,454,0.00,False,USD,paid,True,0.00,29.00,,,31.99,,,,,,2017-01-01 20:54:25,,,580111,,,186626,0,0,Blank,['stripe'],direct,15579339021,web,fulfilled,,27743707905,A Brief History of Time,1,29.00,brief_tote,,Litographs,manual,8281264705,True,True,False,A Brief History of Time,True,0,United States,Arizona,Flagstaff,86004,USPS First Class,1,"Mozilla/5.0 (Windows NT 10.0; WOW64) AppleWebKit/537.36 (KHTML, like Gecko) Chrome/55.0.2883.87 Safari/537.36"
4841160013,2017-01-11 21:44:12,2017-01-01 20:49:38,185625,False,36.99,34.00,150,0.00,False,USD,paid,True,0.00,34.00,,,36.99,,,,,,2017-01-01 20:49:38,,,580111,,,186625,0,0,Blank,['stripe'],direct,15579326861,web,fulfilled,,25506773889,The Little Prince,1,34.00,littleprince_tee_unisex,Unisex,Litographs,manual,7168153537,True,False,False,The Little Prince - Unisex,True,0,United States,Oregon,Eugene ,97402,USPS First Class,1,"Mozilla/5.0 (Linux; Android 6.0.1; SM-G550T Build/MMB29K; wv) AppleWebKit/537.36 (KHTML, like Gecko) Version/4.0 Chrome/55.0.2883.91 Mobile Safari/537.36 [FB_IAB/FB4A;FBAV/106.0.0.26.68;]"
4841068045,2017-01-12 03:33:46,2017-01-01 20:21:24,185624,False,26.99,24.00,227,0.00,False,USD,paid,True,0.00,24.00,,,26.99,,,,,,2017-01-01 20:21:24,,,580111,,,186624,0,0,Blank,"['gift_card', 'stripe']",direct,15579094541,web,fulfilled,,25512009153,The Wind in the Willows,1,24.00,wind_18x24,18x24,Litographs,manual,116331084,True,True,False,The Wind in the Willows - 18x24,True,0,United States,California,Santa Maria,93454,USPS First Class,1,"Mozilla/5.0 (iPhone; CPU iPhone OS 10_2 like Mac OS X) AppleWebKit/602.3.12 (KHTML, like Gecko) Version/10.0 Mobile/14C92 Safari/602.1"
4841055629,2017-01-11 23:28:48,2017-01-01 20:18:00,185623,False,26.99,24.00,227,0.00,False,USD,paid,True,0.00,24.00,,,26.99,,,,,,2017-01-01 20:18:00,,,580111,,,186623,0,0,Blank,['stripe'],direct,15579084493,web,fulfilled,,25513031425,The Declaration of Independence,1,24.00,flag_18x24,18x24,Litographs,manual,1422119617,True,True,False,The Declaration of Independence - 18x24,True,0,United States,New York,Liverpool,13090,USPS First Class,1,"Mozilla/5.0 (Linux; Android 6.0.1; SM-G930V Build/MMB29M) AppleWebKit/537.36 (KHTML, like Gecko) Chrome/55.0.2883.91 Mobile Safari/537.36"
4841028877,2017-01-18 22:15:23,2017-01-01 20:11:04,185622,False,41.99,39.00,150,0.00,False,USD,paid,True,0.00,39.00,,,41.99,,,,,,2017-01-01 20:11:04,,,580111,,,186622,0,0,Blank,['stripe'],direct,15579040461,web,fulfilled,,25455603073,Little Women,1,39.00,women_scarf_inf,Infinity,Litographs,manual,7832998017,True,False,False,Little Women - Infinity,True,0,United States,New Jersey,Raritan,08869-1313,USPS First Class,1,"Mozilla/5.0 (Windows NT 10.0; WOW64) AppleWebKit/537.36 (KHTML, like Gecko) Chrome/55.0.2883.87 Safari/537.36"
4840944141,2017-01-12 01:40:59,2017-01-01 19:52:22,185621,False,31.99,29.00,454,0.00,False,USD,paid,True,0.00,29.00,,,31.99,,,,,,2017-01-01 19:52:22,,,580111,,,186621,0,0,Blank,['stripe'],direct,15578859981,web,fulfilled,,25510584513,Choose Your Own Adventure,1,29.00,cyoa_24x36,24x36,Litographs,manual,2469921985,True,True,False,Choose Your Own Adventure - 24x36,True,0,United States,New York,Rochester,14607,USPS First Class,3,"Mozilla/5.0 (Windows NT 6.1; WOW64) AppleWebKit/537.36 (KHTML, like Gecko) Chrome/55.0.2883.87 Safari/537.36"
4840871181,2017-01-12 02:30:17,2017-01-01 19:37:58,185620,False,53.00,53.00,377,0.00,False,USD,paid,True,0.00,53.00,,,53.00,,,,,,2017-01-01 19:37:58,,,580111,,,186620,0,0,Blank,"['gift_card', 'stripe']",direct,15578774669,web,fulfilled,,25507392385,Throne of Glass,1,34.00,glass2_tee_women,Women's Crew,Litographs,manual,3928528769,True,False,False,Throne of Glass - Women's Crew,True,0,United States,New Jersey,Woodcliff Lake,07677,USPS First Class,2,"Mozilla/5.0 (Macintosh; Intel Mac OS X 10_10_5) AppleWebKit/537.36 (KHTML, like Gecko) Chrome/55.0.2883.95 Safari/537.36"
4840821581,2017-01-13 03:53:17,2017-01-01 19:26:56,185619,False,41.99,39.00,150,0.00,False,USD,paid,True,0.00,39.00,,,41.99,,,,,,2017-01-01 19:26:56,,,580111,,,186619,0,0,Blank,['stripe'],direct,15578654157,web,fulfilled,,28340488193,Dragonfly in Amber,1,39.00,dragonfly_scarf_inf,Infinity,Litographs,manual,8414864449,True,False,False,Dragonfly in Amber - Infinity,True,0,United States,Washington,Seattle,98115,USPS First Class,2,"Mozilla/5.0 (Macintosh; Intel Mac OS X 10_11_6) AppleWebKit/537.36 (KHTML, like Gecko) Chrome/53.0.2785.116 Safari/537.36"
4840765965,2017-01-12 02:11:21,2017-01-01 19:14:53,185618,False,21.99,19.00,227,0.00,False,USD,paid,True,0.00,19.00,,,21.99,,,,,,2017-01-01 19:14:53,,,580111,,,186618,0,0,Blank,['stripe'],direct,15578588557,web,fulfilled,,25511155713,Tess of the D'urbervilles,1,19.00,tess_12x16,12x16 Matted,Litographs,manual,136084331,True,True,False,Tess of the D'urbervilles - 12x16 Matted,True,0,United States,Pennsylvania,State college,16801,USPS First Class,1,"Mozilla/5.0 (iPhone; CPU iPhone OS 10_2 like Mac OS X) AppleWebKit/602.3.12 (KHTML, like Gecko) Version/10.0 Mobile/14C92 Safari/602.1"
4840764813,2017-01-12 04:36:52,2017-01-01 19:14:34,185617,False,68.00,68.00,301,0.00,False,USD,paid,True,0.00,68.00,,,68.00,,,,,,2017-01-01 19:14:34,,,580111,,,186617,0,0,Blank,['stripe'],direct,15578584397,web,fulfilled,,25505529153,On the Origin of Species,1,34.00,darwin_tee_unisex,Unisex,Litographs,manual,151526001,True,False,False,On the Origin of Species - Unisex,True,0,United States,Georgia,Decatur,30033,USPS First Class,2,Mozilla/5.0 (Windows NT 6.1; WOW64; rv:50.0) Gecko/20100101 Firefox/50.0
4840733005,2017-01-12 00:06:24,2017-01-01 19:07:58,185616,False,31.99,29.00,454,0.00,False,USD,paid,True,0.00,29.00,,,31.99,,,,,,2017-01-01 19:07:58,,,580111,,,186616,0,0,Blank,['stripe'],direct,15578501709,web,fulfilled,,25489527873,Alice’s Adventures in Wonderland,1,29.00,wonderland_tote,,Litographs,manual,174678589,True,True,False,Alice’s Adventures in Wonderland,True,0,United States,Oklahoma,Norman,73069,USPS First Class,1,"Mozilla/5.0 (Macintosh; Intel Mac OS X 10_12_1) AppleWebKit/602.2.14 (KHTML, like Gecko) Version/10.0.1 Safari/602.2.14"
4840705997,2017-01-12 02:38:18,2017-01-01 19:02:12,185615,False,68.00,68.00,301,0.00,False,USD,paid,True,0.00,68.00,,,68.00,,,,,,2017-01-01 19:02:12,,,580111,,,186615,0,0,Blank,['stripe'],direct,15578489421,web,fulfilled,,25504572737,Anne of Green Gables,1,34.00,gables_tee_vneck,Women's V-Neck,Litographs,manual,151523525,True,False,False,Anne of Green Gables - Women's V-Neck,True,0,United States,Oregon,Salem,97304,USPS First Class,1,"Mozilla/5.0 (Macintosh; Intel Mac OS X 10_12_2) AppleWebKit/602.3.12 (KHTML, like Gecko) Version/10.0.2 Safari/602.3.12"
4840705677,2017-01-18 22:15:22,2017-01-01 19:02:06,185614,False,41.99,39.00,150,0.00,False,USD,paid,True,0.00,39.00,,,41.99,,,,,,2017-01-01 19:02:06,,,580111,,,186614,0,0,Blank,['stripe'],direct,15578476557,web,fulfilled,,28338623681,The Bible,1,39.00,bible_scarf_inf,Infinity,Litographs,manual,8414537345,True,False,False,The Bible - Infinity,True,0,United States,Ohio,Canal fulton,44614,USPS First Class,1,"Mozilla/5.0 (iPad; CPU OS 9_3_5 like Mac OS X) AppleWebKit/601.1.46 (KHTML, like Gecko) Version/9.0 Mobile/13G36 Safari/601.1"
4840591309,2017-01-11 21:57:14,2017-01-01 18:37:42,185613,False,36.99,34.00,150,0.00,False,USD,paid,True,0.00,34.00,,,36.99,,,,,,2017-01-01 18:37:42,,,580111,,,186613,0,0,Blank,['stripe'],direct,15578275661,web,fulfilled,,25505167041,Jane Eyre,1,34.00,eyre_tee_unisex,Unisex,Litographs,manual,151525139,True,False,False,Jane Eyre - Unisex,True,0,United States,Texas,Midland ,79703,USPS First Class,1,"Mozilla/5.0 (iPhone; CPU iPhone OS 10_0_2 like Mac OS X) AppleWebKit/602.1.50 (KHTML, like Gecko) Mobile/14A456 [FBAN/FBIOS;FBAV/68.0.0.49.70;FBBV/41924288;FBRV/0;FBDV/iPhone5,3;FBMD/iPhone;FBSN/iOS;FBSV/10.0.2;FBSS/2;FBCR/AT&T;FBID/phone;FBLC/en_US;FBOP/5]"
4840573389,2017-01-12 02:06:27,2017-01-01 18:34:20,185612,False,36.99,34.00,150,0.00,False,USD,paid,True,0.00,34.00,,,36.99,,,,,,2017-01-01 18:34:20,,,580111,,,186612,0,0,Blank,['stripe'],direct,15578269325,web,fulfilled,,25506404545,The Call of Cthulhu,1,34.00,cthulhu_tee_unisex,Unisex,Litographs,manual,343466537,True,False,False,The Call of Cthulhu - Unisex,True,0,United States,Maryland,Gaithersburg,20879,USPS First Class,1,"Mozilla/5.0 (Windows NT 10.0; WOW64) AppleWebKit/537.36 (KHTML, like Gecko) Chrome/55.0.2883.87 Safari/537.36"
4840525901,2017-01-11 22:38:54,2017-01-01 18:25:33,185611,False,33.80,29.00,454,1.81,False,USD,paid,True,0.00,29.00,,,33.80,,,,,,2017-01-01 18:25:33,,,580111,,,186611,0,0,Blank,['stripe'],direct,15578152141,web,fulfilled,,28961448397,Pride and Prejudice,1,29.00,pride3_tote,,Litographs,manual,8514014989,True,True,False,Pride and Prejudice,True,0,United States,South Carolina,Columbia,29201,USPS First Class,2,"Mozilla/5.0 (Macintosh; Intel Mac OS X 10_11_6) AppleWebKit/537.36 (KHTML, like Gecko) Chrome/55.0.2883.95 Safari/537.36"
4840454221,2017-01-18 22:15:20,2017-01-01 18:11:44,185610,False,41.99,39.00,150,0.00,False,USD,paid,True,0.00,39.00,,,41.99,,,,,,2017-01-01 18:11:44,,,580111,,,186610,0,0,Blank,['stripe'],direct,15437524301,web,fulfilled,,28341243521,The Declaration of Independence,1,39.00,flag_scarf_inf,Infinity,Litographs,manual,8415111873,True,False,False,The Declaration of Independence - Infinity,True,0,United States,New Jersey,Highland Park,08904-2714,USPS First Class,2,"Mozilla/5.0 (Windows NT 10.0; Win64; x64) AppleWebKit/537.36 (KHTML, like Gecko) Chrome/55.0.2883.87 Safari/537.36"
4840377869,2017-01-11 21:43:02,2017-01-01 17:55:34,185609,False,61.63,58.00,907,3.63,False,USD,paid,True,0.00,58.00,,,61.63,,,,,,2017-01-01 17:55:34,,,580111,,,186609,0,0,Blank,['stripe'],direct,15577944397,web,fulfilled,,25487498753,The Tempest,1,29.00,tempest_tote,,Litographs,manual,151552631,True,True,False,The Tempest,True,0,United States,Massachusetts,Pelham,01002,USPS First Class,1,"Mozilla/5.0 (iPhone; CPU iPhone OS 10_1_1 like Mac OS X) AppleWebKit/602.2.14 (KHTML, like Gecko) Version/10.0 Mobile/14B100 Safari/602.1"
4840359053,2017-01-13 05:27:41,2017-01-01 17:51:59,185608,False,41.99,39.00,150,0.00,False,USD,paid,True,0.00,39.00,,,41.99,,,,,,2017-01-01 17:51:59,,,580111,,,186608,0,0,Blank,['stripe'],direct,15577925005,web,fulfilled,,29020634957,The Fiery Cross,1,39.00,fiery_scarf_inf,Infinity,Litographs,manual,8528214669,True,False,False,The Fiery Cross - Infinity,True,0,United States,Colorado,Denver,80209,USPS First Class,7,"Mozilla/5.0 (iPhone; CPU iPhone OS 10_2 like Mac OS X) AppleWebKit/602.3.12 (KHTML, like Gecko) Version/10.0 Mobile/14C92 Safari/602.1"
4840357965,2017-01-11 22:35:51,2017-01-01 17:51:40,185607,False,31.99,29.00,454,0.00,False,USD,paid,True,0.00,29.00,,,31.99,,,,,,2017-01-01 17:51:40,,,580111,,,186607,0,0,Blank,['stripe'],direct,15577038733,web,fulfilled,,25472505793,Les Misérables,1,29.00,lesmis_tote,,Litographs,manual,151525679,True,True,False,Les Misérables,True,0,United States,Texas,Lubbock,79410,USPS First Class,1,"Mozilla/5.0 (Windows NT 6.3; WOW64) AppleWebKit/537.36 (KHTML, like Gecko) Chrome/55.0.2883.87 Safari/537.36"
4840333901,2017-01-18 22:15:18,2017-01-01 17:46:42,185606,False,68.00,68.00,604,0.00,False,USD,paid,True,0.00,68.00,,,68.00,,,,,,2017-01-01 17:46:42,,,580111,,,186606,0,0,Blank,['stripe'],direct,15577864845,web,fulfilled,,25502954433,The Boxcar Children,1,29.00,boxcar_tote,,Litographs,manual,3697565377,True,True,False,The Boxcar Children,True,0,United States,Wisconsin,Wauwatosa,53213,USPS First Class,1,"Mozilla/5.0 (iPhone; CPU iPhone OS 10_2 like Mac OS X) AppleWebKit/602.3.12 (KHTML, like Gecko) Version/10.0 Mobile/14C92 Safari/602.1"
4840254797,2017-01-12 00:54:48,2017-01-01 17:32:30,185605,False,36.99,34.00,150,0.00,False,USD,paid,True,0.00,34.00,,,36.99,,,,,,2017-01-01 17:32:30,,,580111,,,186605,0,0,Blank,['stripe'],direct,15577729421,web,fulfilled,,25505749633,Poems by T.S. Eliot,1,34.00,eliot_tee_unisex,Unisex,Litographs,manual,151526345,True,False,False,Poems by T.S. Eliot - Unisex,True,0,United States,Ohio,Somerville,45064,USPS First Class,1,"Mozilla/5.0 (iPhone; CPU iPhone OS 10_2 like Mac OS X) AppleWebKit/602.1.50 (KHTML, like Gecko) CriOS/55.0.2883.79 Mobile/14C92 Safari/602.1"
4840236877,2017-01-11 21:45:15,2017-01-01 17:29:42,185604,False,21.99,19.00,227,0.00,False,USD,paid,True,0.00,19.00,,,21.99,,,,,,2017-01-01 17:29:42,,,580111,,,186604,0,0,Blank,['stripe'],direct,15577731725,web,fulfilled,,25510859073,Jane Eyre,1,19.00,eyre_12x16,12x16 Matted,Litographs,manual,112183742,True,True,False,Jane Eyre - 12x16 Matted,True,0,United States,Pennsylvania,Oxford,19363,USPS First Class,1,"Mozilla/5.0 (Macintosh; Intel Mac OS X 10_12_2) AppleWebKit/602.3.12 (KHTML, like Gecko) Version/10.0.2 Safari/602.3.12"
4840126669,2017-01-12 01:56:15,2017-01-01 17:05:48,185603,False,36.99,34.00,150,0.00,False,USD,paid,True,0.00,34.00,,,36.99,,,,,,2017-01-01 17:05:48,,,580111,,,186603,0,0,Blank,['stripe'],direct,15570412557,web,fulfilled,,29125880077,The Name of the Wind,1,34.00,kingkiller1_tee_unisex,Unisex,Litographs,manual,8551318349,True,False,False,The Name of the Wind - Unisex,True,0,United States,Georgia,Atlanta,30319,USPS First Class,1,"Mozilla/5.0 (Windows NT 6.1; WOW64) AppleWebKit/537.36 (KHTML, like Gecko) Chrome/55.0.2883.87 Safari/537.36"
4840098829,2017-01-12 21:32:44,2017-01-01 17:00:18,185602,False,49.00,49.00,150,0.00,False,USD,paid,True,0.00,49.00,,,49.00,,,,,,2017-01-01 17:00:18,,,580111,,,186602,0,0,Blank,['stripe'],direct,15577501133,web,fulfilled,,28013786945,NaNoWriMo Custom Scarf,1,49.00,__proxy__custom_scarf_inf,Infinity / Single Scarf,Litographs,manual,8338418305,True,False,False,NaNoWriMo Custom Scarf - Infinity / Single Scarf,True,0,United States,California,San Francisco,94118,USPS First Class,1,"Mozilla/5.0 (Macintosh; Intel Mac OS X 10_10_5) AppleWebKit/537.36 (KHTML, like Gecko) Chrome/55.0.2883.95 Safari/537.36"
4840085581,2017-01-12 06:55:55,2017-01-01 16:56:18,185601,False,31.99,29.00,454,0.00,False,USD,paid,True,0.00,29.00,,,31.99,,,,,,2017-01-01 16:56:18,,,580111,,,186601,0,0,Blank,['stripe'],direct,15577470157,web,fulfilled,,29510522829,The Giver,1,29.00,giver_tote,,Litographs,manual,8617056909,True,True,False,The Giver,True,0,United States,Wisconsin,Wausau ,54401,USPS First Class,1,Mozilla/5.0 (Windows NT 10.0; WOW64; Trident/7.0; rv:11.0) like Gecko
4840085325,2017-01-12 04:11:16,2017-01-01 16:56:14,185600,False,36.99,34.00,150,0.00,False,USD,paid,True,0.00,34.00,,,36.99,,,,,,2017-01-01 16:56:14,,,580111,,,186600,0,0,Blank,['stripe'],direct,15577462541,web,fulfilled,,25507009793,The Princess Bride,1,34.00,pb1_tee_unisex,Unisex,Litographs,manual,3684096001,True,False,False,The Princess Bride - Unisex,True,0,United States,California,Antelope,95843,USPS First Class,1,"Mozilla/5.0 (iPhone; CPU iPhone OS 10_0_2 like Mac OS X) AppleWebKit/602.1.50 (KHTML, like Gecko) Version/10.0 Mobile/14A456 Safari/602.1"
4840002893,2017-01-11 22:44:19,2017-01-01 16:31:15,185599,False,43.99,29.00,454,0.00,False,USD,paid,True,0.00,29.00,,,43.99,,,,,,2017-01-01 16:31:15,,,580111,,,186599,0,0,Blank,['stripe'],direct,15577313229,web,fulfilled,,29126038221,The Name of the Wind,1,29.00,kingkiller1_24x36,24x36,Litographs,manual,8551335053,True,True,False,The Name of the Wind - 24x36,True,0,United Kingdom,,Troon,KA10 6UX,"USPS First Class - 15-30 days, no tracking",1,"Mozilla/5.0 (Linux; Android 6.0.1; SM-G925F Build/MMB29K) AppleWebKit/537.36 (KHTML, like Gecko) Chrome/55.0.2883.91 Mobile Safari/537.36"
4839995469,2017-01-18 22:15:17,2017-01-01 16:28:54,185598,False,41.99,39.00,150,0.00,False,USD,paid,True,0.00,39.00,,,41.99,,,,,,2017-01-01 16:28:54,,,580111,,,186598,0,0,Blank,['stripe'],direct,15577302925,web,fulfilled,,27557596161,Throne of Glass,1,39.00,glass_scarf_inf,Infinity,Litographs,manual,8239218689,True,False,False,Throne of Glass - Infinity,True,0,United States,Nebraska,Lincoln,68506,USPS First Class,4,"Mozilla/5.0 (Macintosh; Intel Mac OS X 10_12_0) AppleWebKit/537.36 (KHTML, like Gecko) Chrome/55.0.2883.95 Safari/537.36"
4839991501,2017-01-01 16:27:42,2017-01-01 16:27:41,185597,False,48.99,48.99,0,0.00,False,USD,paid,True,0.00,48.99,,,48.99,,,,,,2017-01-01 16:27:41,,,580111,,,186597,0,0,Blank,['stripe'],direct,15577192141,web,fulfilled,,25459355137,Gift Card,1,48.99,gc_scarf_1x_int,1 Scarf with int,litographs-test,gift_card,7470835073,False,False,True,Gift Card - 1 Scarf with int,True,0,Canada,Quebec,Gatineau,J9A 1C8,,2,"Mozilla/5.0 (Linux; Android 7.1.1; Nexus 5X Build/NMF26F) AppleWebKit/537.36 (KHTML, like Gecko) Chrome/55.0.2883.91 Mobile Safari/537.36"
4839977933,2017-01-18 22:15:15,2017-01-01 16:23:58,185596,False,107.00,107.00,451,0.00,False,USD,paid,True,0.00,107.00,,,107.00,,,,,,2017-01-01 16:23:58,,,580111,,,186596,0,0,Blank,['stripe'],direct,15577265933,web,fulfilled,,25505392065,My Antonia,1,34.00,antonia_tee_women,Women's Crew,Litographs,manual,1462129729,True,False,False,My Antonia - Women's Crew,True,0,United States,Massachusetts,Reading,01867,USPS First Class,2,"Mozilla/5.0 (Windows NT 10.0; Win64; x64) AppleWebKit/537.36 (KHTML, like Gecko) Chrome/55.0.2883.87 Safari/537.36"
4839925837,2017-01-18 22:15:14,2017-01-01 16:08:40,185595,False,115.99,107.00,451,0.00,False,USD,paid,True,0.00,107.00,,,115.99,,,,,,2017-01-01 16:08:40,,,580111,,,186595,0,0,Blank,['stripe'],direct,15577151565,web,fulfilled,,28344886977,The Odyssey,1,39.00,odyssey_scarf_inf,Infinity,Litographs,manual,8415959553,True,False,False,The Odyssey - Infinity,True,0,Canada,Ontario,Toronto,M5T 1R5,"USPS First Class - 10-20 days, no tracking",5,"Mozilla/5.0 (iPad; CPU OS 10_2 like Mac OS X) AppleWebKit/602.3.12 (KHTML, like Gecko) Version/10.0 Mobile/14C92 Safari/602.1"
4839670477,2017-01-11 23:29:53,2017-01-01 14:32:57,185594,False,68.00,68.00,301,0.00,False,USD,paid,True,0.00,68.00,,,68.00,,,,,,2017-01-01 14:32:57,,,580111,,,186594,0,0,Blank,['stripe'],direct,15576685517,web,fulfilled,,25506707585,The Island of Dr. Moreau,1,34.00,island_tee_unisex,Unisex,Litographs,manual,151547971,True,False,False,The Island of Dr. Moreau - Unisex,True,0,United States,New York,New City,10956,USPS First Class,1,"Mozilla/5.0 (iPhone; CPU iPhone OS 10_2 like Mac OS X) AppleWebKit/602.3.12 (KHTML, like Gecko) Version/10.0 Mobile/14C92 Safari/602.1"
4839653325,2017-01-12 02:19:54,2017-01-01 14:25:19,185593,False,43.99,34.00,150,0.00,False,USD,paid,True,0.00,34.00,,,43.99,,,,,,2017-01-01 14:25:19,,,580111,,,186593,0,0,Blank,['stripe'],direct,15539438541,web,fulfilled,,25507406529,Treasure Island,1,34.00,treasure_tee_unisex,Unisex,Litographs,manual,151551497,True,False,False,Treasure Island - Unisex,True,0,United Kingdom,,Yarm,TS15 9AL,"USPS First Class - 15-30 days, no tracking",1,"Mozilla/5.0 (Windows NT 6.3) AppleWebKit/537.36 (KHTML, like Gecko) Chrome/55.0.2883.87 Safari/537.36"
4839536973,2017-01-11 21:56:53,2017-01-01 13:24:32,185592,False,63.00,63.00,604,0.00,False,USD,paid,True,0.00,63.00,,,63.00,,,,,,2017-01-01 13:24:32,,,580111,,,186592,0,0,Blank,['stripe'],direct,15576428301,web,fulfilled,,25487514497,Tess of the D'urbervilles,1,29.00,tess_tote,,Litographs,manual,151552643,True,True,False,Tess of the D'urbervilles,True,0,United States,Kentucky,Owingsville,40360,USPS First Class,2,"Mozilla/5.0 (iPad; CPU OS 9_3_4 like Mac OS X) AppleWebKit/601.1.46 (KHTML, like Gecko) Version/9.0 Mobile/13G35 Safari/601.1"
4839451789,2017-01-12 21:25:54,2017-01-01 12:19:01,185591,False,38.09,35.10,150,0.00,False,USD,paid,True,3.90,39.00,,,38.09,,,,,,2017-01-01 12:19:01,,,580111,,,186591,holiday10,3.90,percentage,['stripe'],direct,15576247309,web,fulfilled,,28348251777,A Tale of Two Cities,1,39.00,twocities_scarf_inf,Infinity,Litographs,manual,8416721601,True,False,False,A Tale of Two Cities - Infinity,True,0,United States,Iowa,West Des Moines,50266,USPS First Class,2,"Mozilla/5.0 (Macintosh; Intel Mac OS X 10_12_2) AppleWebKit/537.36 (KHTML, like Gecko) Chrome/55.0.2883.95 Safari/537.36"
4839211661,2017-01-13 19:58:09,2017-01-01 09:54:07,185590,False,121.99,107.00,451,0.00,False,USD,paid,True,0.00,107.00,,,121.99,,,,,,2017-01-01 09:54:07,,,580111,,,186590,0,0,Blank,"['gift_card', 'stripe']",direct,15574551309,web,fulfilled,,29391385805,Les Misérables,1,34.00,lesmis2_tee_vneck,Women's V-Neck,Litographs,manual,8590652493,True,False,False,Les Misérables - Women's V-Neck,True,0,Australia,Victoria,McCrae,3938,"USPS First Class - 15-30 days, no tracking",1,"Mozilla/5.0 (iPad; CPU OS 9_3_5 like Mac OS X) AppleWebKit/601.1.46 (KHTML, like Gecko) Version/9.0 Mobile/13G36 Safari/601.1"
4838859341,2017-01-12 04:19:49,2017-01-01 05:04:49,185589,False,26.99,24.00,227,0.00,False,USD,paid,True,0.00,24.00,,,26.99,,,,,,2017-01-01 05:04:49,,,580111,,,186589,0,0,Blank,['stripe'],direct,15574970765,web,fulfilled,,25511186305,The Bible,1,24.00,bible_18x24,18x24,Litographs,manual,122178426,True,True,False,The Bible - 18x24,True,0,United States,New York,Staten Island,10314,USPS First Class,1,"Mozilla/5.0 (Macintosh; Intel Mac OS X 10_12_2) AppleWebKit/537.36 (KHTML, like Gecko) Chrome/55.0.2883.95 Safari/537.36"
4838836813,2017-01-12 03:41:52,2017-01-01 04:52:00,185588,False,49.00,49.00,150,0.00,False,USD,paid,True,0.00,49.00,,,49.00,,,,,,2017-01-01 04:52:00,,,580111,,,186588,0,0,Blank,['stripe'],direct,15575058701,web,fulfilled,,27773941953,Custom Scarf,1,49.00,custom_scarf_inf,Infinity / Single Scarf,Litographs,manual,8288574337,True,False,False,Custom Scarf - Infinity / Single Scarf,True,0,United States,Illinois,Sauget,62206,USPS First Class,1,"Mozilla/5.0 (Macintosh; Intel Mac OS X 10_11_5) AppleWebKit/601.6.17 (KHTML, like Gecko) Version/9.1.1 Safari/601.6.17"
