id,order_id,created_at,_sku,name,price,quantity,title,variant_title,total_discount,fulfillable_quantity,fulfillment_status,gift_card,grams,product_exists,product_id,_inventory,requires_shipping,sku,tax_lines,taxable,variant_id,variant_inventory_management,vendor,estimated_ship_date,_inventory_source,test,total_tax,financial_status,cancelled_at,order_discount_amount,country,state,city,zip_code,orders_count
1371772649598,547627958398,2018-11-01 03:55:47,pb1book_tee_vneck_xl_bw,The Princess Bride - Women's V-Neck,34.00,1,The Princess Bride,Women's V-Neck,0.00,1,,False,150,True,3684096001,true,True,pb1_tee_vneck,[],True,25507009857,,Litographs,November 7,default,False,0.00,paid,,0,United States,Virginia,Stephens City,22655,1
1371770388606,547626483838,2018-11-01 03:49:47,darwin_scarf_inf_mono_darkblue,On the Origin of Species - Infinity,39.00,1,On the Origin of Species,Infinity,0.00,1,,False,150,True,7832636609,false,True,darwin_scarf_inf,[],True,25453523073,,Litographs,November 7,,False,0.00,paid,,0,United States,Washington,Edmonds,98020,1
1371770421374,547626483838,2018-11-01 03:49:47,pride_scarf_inf_serif_red,Pride and Prejudice - Infinity,39.00,1,Pride and Prejudice,Infinity,0.00,1,,False,150,True,7833327809,false,True,pride_scarf_inf,[],True,25457723969,,Litographs,November 7,,False,0.00,paid,,0,United States,Washington,Edmonds,98020,1
1371769307262,547625894014,2018-11-01 03:46:20,fang_tee_women_s_lightblue14,White Fang - Women's Crew,34.00,1,White Fang,Women's Crew,0.00,1,,False,150,True,151551645,false,True,fang_tee_women,[],True,25507497281,,Litographs,November 7,,False,0.00,paid,,0,United States,Georgia,Rome,30161,1
1371769340030,547625894014,2018-11-01 03:46:20,lightning_tee_women_s_navyblue,The Lightning Thief - Women's Crew,34.00,1,The Lightning Thief,Women's Crew,0.00,1,,False,150,True,10724499533,false,True,lightning_tee_women,[],True,43990666893,,Litographs,November 7,,False,0.00,paid,,0,United States,Georgia,Rome,30161,1
1371767931006,547625173118,2018-11-01 03:42:17,brief_tee_unisex_l_seagreen1,A Brief History of Time - Unisex,34.00,1,A Brief History of Time,Unisex,0.00,1,,False,150,True,8281271681,false,True,brief_tee_unisex,[],True,27743749953,,Litographs,November 7,,False,0.00,paid,,0,Thailand,Nonthaburi,Pakkret,11120,1
1371767963774,547625173118,2018-11-01 03:42:17,wealth_tee_unisex_m_orange1,The Wealth of Nations - Unisex,34.00,1,The Wealth of Nations,Unisex,0.00,1,,False,150,True,151550961,false,True,wealth_tee_unisex,[],True,25507253889,,Litographs,November 7,,False,0.00,paid,,0,Thailand,Nonthaburi,Pakkret,11120,1
1371767636094,547624943742,2018-11-01 03:41:12,pride_scarf_inf_script_navyblue,Pride and Prejudice - Infinity,39.00,1,Pride and Prejudice,Infinity,0.00,1,,False,150,True,7833327809,false,True,pride_scarf_inf,[],True,25457723969,,Litographs,November 7,,False,0.00,paid,,7.80,United States,California,Oakland,94606,1
1371758919806,547620782206,2018-11-01 03:15:26,darwin_tee_unisex_l_tan,On the Origin of Species - Unisex,34.00,1,On the Origin of Species,Unisex,0.00,1,,False,150,True,151526001,false,True,darwin_tee_unisex,[],True,25505529153,,Litographs,November 7,,False,0.00,paid,,0,United States,Connecticut,East Lyme,06333,1
1371758952574,547620782206,2018-11-01 03:15:26,pooteeweet_tee_unisex_3xl_darkblue,Slaughterhouse-Five - Unisex,34.00,1,Slaughterhouse-Five,Unisex,0.00,1,,False,150,True,3546381249,false,True,pooteeweet_tee_unisex,[],True,25506047745,,Litographs,November 7,,False,0.00,paid,,0,United States,Connecticut,East Lyme,06333,1
1371757936766,547620356222,2018-11-01 03:12:10,wizard_18x24_bw,The Wonderful Wizard of Oz - 18x24,24.00,1,The Wonderful Wizard of Oz,18x24,0.00,1,,False,227,True,387194329,false,True,wizard_18x24,[],True,25512016769,,Litographs,November 9,,False,0.00,paid,,0,United States,Colorado,Montrose,81401,1
1371755643006,547619373182,2018-11-01 03:06:27,wonderland_24x36_rose,Alice’s Adventures in Wonderland - 24x36,29.00,1,Alice’s Adventures in Wonderland,24x36,0.00,1,,False,10886,True,174678461,false,True,wonderland_24x36,"[{'title': 'GST', 'price': '2.61', 'rate': 0.1, 'price_set': {'shop_money': {'amount': '2.61', 'currency_code': 'USD'}, 'presentment_money': {'amount': '2.61', 'currency_code': 'USD'}}}]",True,25510542273,,Litographs,November 9,,False,3.61,paid,,2.90,Australia,New South Wales,Sandgate,2304,1
1371750498430,547616227454,2018-11-01 02:45:18,pi_tee_unisex_xl_navyblue1,Pi - Unisex,34.00,1,Pi,Unisex,0.00,1,,False,150,True,425610977,false,True,pi_tee_unisex,[],True,25505668289,,Litographs,November 7,,False,0.00,paid,,0,Canada,Alberta,Calgary,T2J 6N7,1
1371750531198,547616227454,2018-11-01 02:45:18,macbeth_scarf_inf_script_burgundy,Macbeth - Infinity,39.00,1,Macbeth,Infinity,0.00,1,,False,150,True,8161818945,false,True,macbeth_scarf_inf,[],True,27125216513,,Litographs,November 7,,False,0.00,paid,,0,Canada,Alberta,Calgary,T2J 6N7,1
1371750563966,547616227454,2018-11-01 02:45:18,hamlet_tee_unisex_l_navyblue1,Hamlet - Unisex,34.00,1,Hamlet,Unisex,0.00,1,,False,150,True,151524867,false,True,hamlet_tee_unisex,[],True,25505088961,,Litographs,November 7,,False,0.00,paid,,0,Canada,Alberta,Calgary,T2J 6N7,1
1371747516542,547614031998,2018-11-01 02:29:57,prejudice_tee_vneck_xl_bw,Pride and Prejudice - Women's V-Neck,34.00,1,Pride and Prejudice,Women's V-Neck,0.00,1,,False,150,True,1833843265,false,True,prejudice_tee_vneck,[],True,25505848385,,Litographs,November 7,,False,0.00,paid,,0,United States,Alaska,Anchorage,99507,1
1371736735870,547608100990,2018-11-01 01:54:20,count_tee_vneck_l_red3,The Count of Monte Cristo - Women's V-Neck,34.00,1,The Count of Monte Cristo,Women's V-Neck,0.00,1,,False,150,True,151547155,false,True,count_tee_vneck,[],True,25506483841,,Litographs,November 7,,False,0.00,paid,,0,United States,Oklahoma,Collinsville,74021,2
1371733393534,547606167678,2018-11-01 01:44:23,pride_scarf_inf_mono_burgundy,Pride and Prejudice - Infinity,39.00,1,Pride and Prejudice,Infinity,0.00,1,,False,150,True,7833327809,false,True,pride_scarf_inf,[],True,25457723969,,Litographs,November 7,,False,0.00,paid,,0,United States,Texas,Crossroads ,76227,1
1371732705406,547605708926,2018-11-01 01:41:36,karamazov_tee_vneck_m_bw,The Brothers Karamazov - Women's V-Neck,34.00,1,The Brothers Karamazov,Women's V-Neck,0.00,1,,False,150,True,453032481,false,True,karamazov_tee_vneck,[],True,25506375169,,Litographs,November 7,,False,0.00,paid,,0,United States,California,Riverside ,92504,1
1371732443262,547605512318,2018-11-01 01:40:07,warworlds_tee_unisex_m_brown,The War of the Worlds - Unisex,34.00,1,The War of the Worlds,Unisex,0.00,1,,False,150,True,151550767,false,True,warworlds_tee_unisex,"[{'title': 'GST', 'price': '3.40', 'rate': 0.1, 'price_set': {'shop_money': {'amount': '3.40', 'currency_code': 'USD'}, 'presentment_money': {'amount': '3.40', 'currency_code': 'USD'}}}]",True,25507234817,,Litographs,November 7,,False,4.40,paid,,0,Australia,New South Wales,Armidale,2350,1
1371731918974,547605282942,2018-11-01 01:39:03,autumnsolid_tee_unisex_m_sans_purple,Drums of Autumn - Unisex,34.00,1,Drums of Autumn,Unisex,0.00,1,,False,150,True,9742401229,false,True,autumnsolid_tee_unisex,[],True,36465678221,,Litographs,November 7,,False,0.00,paid,,0,United States,Delaware,Dover,19901,1
1371731951742,547605282942,2018-11-01 01:39:03,dragonfly_pillow_lavender,Dragonfly in Amber,35.00,1,Dragonfly in Amber,,0.00,1,,False,392,True,1301788852350,false,True,dragonfly_pillow,[],True,12158174855294,,Litographs,November 7,,False,0.00,paid,,0,United States,Delaware,Dover,19901,1
1371731820670,547605184638,2018-11-01 01:38:53,wonka_tee_kids_m_bw,Charlie and the Chocolate Factory - Children's,34.00,1,Charlie and the Chocolate Factory,Children's,0.00,1,,False,150,True,151460053005,false,True,wonka_tee_kids,[],True,1594009419789,,Litographs,November 7,,False,0.00,paid,,0,United States,West Virginia,Princeton,24740,1
1371731361918,547604824190,2018-11-01 01:37:07,wonderland_pillow_navyblue1,Alice's Adventures in Wonderland,35.00,1,Alice's Adventures in Wonderland,,0.00,1,,False,392,True,1301795963006,false,True,wonderland_pillow,[],True,12158198612094,,Litographs,November 7,,False,0.00,paid,,0,United States,Pennsylvania,Conneautville,16406,1
1371730247806,547604365438,2018-11-01 01:34:35,cthulhu_tee_vneck_m_burgundy,The Call of Cthulhu - Women's V-Neck,34.00,1,The Call of Cthulhu,Women's V-Neck,0.00,1,,False,150,True,343466537,true,True,cthulhu_tee_vneck,[],True,25506404673,,Litographs,November 7,quickship,False,0.00,paid,,14.60,Singapore,,Singapore,540107,1
1371730280574,547604365438,2018-11-01 01:34:35,garden_scarf_inf_script_black,The Secret Garden - Infinity,39.00,1,The Secret Garden,Infinity,0.00,1,,False,150,True,7832903745,true,True,garden_scarf_inf,[],True,25454873025,,Litographs,November 7,quickship,False,0.00,paid,,14.60,Singapore,,Singapore,540107,1
1371729723518,547603906686,2018-11-01 01:32:19,pride_tee_unisex_m_green9,Pride and Prejudice - Unisex,34.00,1,Pride and Prejudice,Unisex,0.00,1,,False,150,True,151544279,false,True,pride_tee_unisex,[],True,25505829057,,Litographs,November 7,,False,0.00,paid,,0,United States,Virginia,Suffolk,23436,1
1371728707710,547603120254,2018-11-01 01:28:38,gatsby_tee_vneck_2xl_limegreen,The Great Gatsby - Women's V-Neck,34.00,1,The Great Gatsby,Women's V-Neck,0.00,1,,False,150,True,151547435,false,True,gatsby_tee_vneck,[],True,25506566529,,Litographs,November 7,,False,0.00,paid,,0,United States,California,Gilroy,95020,1
1371726250110,547602399358,2018-11-01 01:22:52,pride_12x16_limegreen,Pride and Prejudice - 12x16 Matted,19.00,1,Pride and Prejudice,12x16 Matted,0.00,1,,False,227,True,95629840,false,True,pride_12x16,[],True,25510984833,,Litographs,November 9,,False,0.00,paid,,0,United States,Mississippi,Madison,39110,1
1371726282878,547602399358,2018-11-01 01:22:52,wonderland_12x16_lavender1,Alice’s Adventures in Wonderland - 12x16 Matted,19.00,1,Alice’s Adventures in Wonderland,12x16 Matted,0.00,1,,False,227,True,174678461,false,True,wonderland_12x16,[],True,25510542337,,Litographs,November 9,,False,0.00,paid,,0,United States,Mississippi,Madison,39110,1
1371723628670,547601121406,2018-11-01 01:14:42,acotar_tee_unisex_m_bw,A Court of Thorns and Roses - Unisex,34.00,1,A Court of Thorns and Roses,Unisex,0.00,1,,False,150,True,1301636055166,false,True,acotar_tee_unisex,[],True,12156848832638,,Litographs,November 7,,False,0.00,paid,,0,United States,Michigan,Milford,48380,1
1371721990270,547600072830,2018-11-01 01:09:45,pb1film_tee_vneck_l_lavender,The Princess Bride - Women's V-Neck,34.00,1,The Princess Bride,Women's V-Neck,0.00,1,,False,150,True,3684096001,false,True,pb1_tee_vneck,[],True,25507009857,,Litographs,November 7,,False,0.00,paid,,0,Canada,Alberta,Lethbridge,T1J 4E9,1
1371722023038,547600072830,2018-11-01 01:09:45,brief_tee_unisex_xl_darkblue,A Brief History of Time - Unisex,34.00,1,A Brief History of Time,Unisex,0.00,1,,False,150,True,8281271681,false,True,brief_tee_unisex,[],True,27743749953,,Litographs,November 7,,False,0.00,paid,,0,Canada,Alberta,Lethbridge,T1J 4E9,1
1371715764350,547596238974,2018-11-01 00:44:50,wuthering_tee_unisex_3xl_lightgreen,Wuthering Heights - Unisex,34.00,1,Wuthering Heights,Unisex,0.00,1,,False,150,True,151551715,false,True,wuthering_tee_unisex,"[{'title': 'GST', 'price': '3.40', 'rate': 0.1, 'price_set': {'shop_money': {'amount': '3.40', 'currency_code': 'USD'}, 'presentment_money': {'amount': '3.40', 'currency_code': 'USD'}}}]",True,25507525505,,Litographs,November 7,,False,4.40,paid,,0,Australia,Victoria,Heidelberg West,3081,2
1371715534974,547596009598,2018-11-01 00:43:29,pb1book_tee_unisex_m_bw,The Princess Bride - Unisex,34.00,1,The Princess Bride,Unisex,0.00,1,,False,150,True,3684096001,false,True,pb1_tee_unisex,[],True,25507009793,,Litographs,November 7,,False,0.00,paid,,0,United States,Kentucky,Lexington ,40511,1
1371708883070,547592732798,2018-11-01 00:21:27,hamlet_pack_1,Hamlet - Black,10.00,3,Hamlet,Black,0.00,3,,False,0,True,9233721805,true,True,hamlet_pack_1,[],True,33368724045,shopify,Litographs,November 7,default,False,0.00,paid,,0,United States,California,San Diego,92103,2
1371706458238,547591585918,2018-11-01 00:13:32,pride_scarf_inf_script_navyblue,Pride and Prejudice - Infinity,0.00,1,Pride and Prejudice,Infinity,0.00,1,,False,150,True,7833327809,true,True,pride_scarf_inf,[],True,25457723969,,Litographs,,,False,0.00,paid,,0,United States,Texas,Austin,78758,2
1371706425470,547591553150,2018-11-01 00:13:06,beowulf_tote_red1,Beowulf,29.00,1,Beowulf,,0.00,1,,False,454,True,465600429,false,True,beowulf_tote,[],True,25496321153,,Litographs,November 2,,False,0.00,paid,,0,United States,California,Fremont,94538,1
1371706392702,547591520382,2018-11-01 00:11:57,andersen_scarf_inf_script_navyblue,Andersen's Fairy Tales - Infinity,39.00,1,Andersen's Fairy Tales,Infinity,0.00,1,,False,150,True,8414050369,false,True,andersen_scarf_inf,[],True,28335161537,,Litographs,November 2,,False,0.00,paid,,0,United States,West Virginia,Parkersburg,26104,1
1371706327166,547591454846,2018-11-01 00:11:40,raven_tee_vneck_2xl_bw,The Raven - Women's V-Neck,0.00,1,The Raven,Women's V-Neck,0.00,1,,False,150,True,8207462977,false,True,raven_tee_vneck,[],True,27393731969,,Litographs,,,False,0.00,paid,,0,United States,West Virginia,MORGANTOWN,26508-9183,2
1371704623230,547590602878,2018-11-01 00:05:02,oz_pillow_red2,The Wonderful Wizard of Oz,35.00,1,The Wonderful Wizard of Oz,,0.00,1,,False,392,True,1301792751742,false,True,oz_pillow,[],True,12158195368062,,Litographs,November 2,,False,0.00,paid,,0,United States,Ohio,Lakewood,44107,2
1371704361086,547590471806,2018-11-01 00:03:47,torah_tee_unisex_xl_navyblue1,The Torah - Unisex,0.00,1,The Torah,Unisex,0.00,1,,False,150,True,151550565,false,True,torah_tee_unisex,[],True,25507222529,,Litographs,,,False,0.00,paid,,0,United States,South Carolina,CHARLESTON,29407-3735,1
1371703935102,547590242430,2018-11-01 00:02:09,prejudice_tote_lavender2,Pride and Prejudice,29.00,1,Pride and Prejudice,,0.00,1,,False,454,True,1833837825,true,True,prejudice_tote,[],True,25498492481,,Litographs,November 2,quickship,False,0.00,paid,,5.80,United States,New Jersey,Frenchtown,08825,4
1371701641342,547588866174,2018-10-31 23:52:51,default_grabbag_tee_unisex_s,T-shirt Grab Bag - Unisex / S,17.00,1,T-shirt Grab Bag,Unisex / S,0.00,1,,False,150,True,8644745037,true,True,default_grabbag_tee_unisex_s,"[{'title': 'GST', 'price': '0.00', 'rate': 0.1, 'price_set': {'shop_money': {'amount': '0.00', 'currency_code': 'USD'}, 'presentment_money': {'amount': '0.00', 'currency_code': 'USD'}}}]",False,29613106573,shopify,Litographs,November 2,default,False,1.00,paid,,1.70,Australia,Victoria,Paynesville,3880,1
1371701575806,547588800638,2018-10-31 23:52:23,matilda_tee_kids_m_lavender,Matilda - Children's,0.00,1,Matilda,Children's,0.00,1,,False,150,True,151396384781,false,True,matilda_tee_kids,[],True,1593673383949,,Litographs,,,False,0.00,paid,,0,Australia,New South Wales,Cordeaux Heights,2526,2
1371700232318,547588276350,2018-10-31 23:47:41,garden_tee_unisex_2xl_green5,The Secret Garden - Unisex,34.00,1,The Secret Garden,Unisex,0.00,1,,False,150,True,151549813,false,True,garden_tee_unisex,[],True,25507108929,,Litographs,November 2,,False,0.00,paid,,0,United States,Ohio,RAVENNA,44266,1
1371694858366,547585359998,2018-10-31 23:27:21,pride_tee_vneck_2xl_lightgreen,Pride and Prejudice - Women's V-Neck,34.00,1,Pride and Prejudice,Women's V-Neck,0.00,1,,False,150,True,151544279,false,True,pride_tee_vneck,[],True,25505829121,,Litographs,November 2,,False,0.00,paid,,0,New Zealand,Wellington,Wellington,6022,1
1371694891134,547585359998,2018-10-31 23:27:21,davinci_tee_vneck_m_burgundy2,The Notebooks of Leonardo Da Vinci - Women's V-Neck,34.00,1,The Notebooks of Leonardo Da Vinci,Women's V-Neck,0.00,1,,False,150,True,151548681,false,True,davinci_tee_vneck,[],True,25506840065,,Litographs,November 2,,False,0.00,paid,,0,New Zealand,Wellington,Wellington,6022,1
1371693056126,547584245886,2018-10-31 23:20:33,dragonfly_24x36_green,Dragonfly in Amber - 24x36,29.00,1,Dragonfly in Amber,24x36,0.00,1,,False,10886,True,5321782081,false,True,dragonfly_24x36,[],True,25510595713,,Litographs,November 9,,False,0.00,paid,,0,United States,Michigan,Flushing,48433,1
1371692761214,547584016510,2018-10-31 23:17:56,outlander_tee_women_2xl_lightgreen,Outlander - Women's Crew,34.00,1,Outlander,Women's Crew,0.00,1,,False,150,True,1989312769,false,True,outlander_tee_women,"[{'title': 'GST', 'price': '3.40', 'rate': 0.1, 'price_set': {'shop_money': {'amount': '3.40', 'currency_code': 'USD'}, 'presentment_money': {'amount': '3.40', 'currency_code': 'USD'}}}]",True,25505581761,,Litographs,November 2,,False,4.40,paid,,0,Australia,Queensland,Strathpine,4500,1
1371692695678,547583983742,2018-10-31 23:17:55,wonder_tee_unisex_m_lightblue17,Wonder - Unisex,34.00,1,Wonder,Unisex,0.00,1,,False,150,True,417787797,false,True,wonder_tee_unisex,[],True,25507513153,,Litographs,November 2,,False,0.00,paid,,0,United States,Illinois,Elburn,60119,1
1371692728446,547583983742,2018-10-31 23:17:55,pb1book_tee_unisex_xl_bw,The Princess Bride - Unisex,34.00,1,The Princess Bride,Unisex,0.00,1,,False,150,True,3684096001,false,True,pb1_tee_unisex,[],True,25507009793,,Litographs,November 2,,False,0.00,paid,,0,United States,Illinois,Elburn,60119,1
1371686535294,547580248190,2018-10-31 22:49:39,gatsby_tote_limegreen,The Great Gatsby,29.00,1,The Great Gatsby,,0.00,1,,False,454,True,151547461,true,True,gatsby_tote,[],True,25477424833,,Litographs,November 2,default,False,0.00,paid,,0,United States,South Dakota,Sioux Falls,57106,1
1371685879934,547579658366,2018-10-31 22:45:24,pooteeweet_scarf_inf_script_burgundy,Slaughterhouse-Five - Infinity,39.00,1,Slaughterhouse-Five,Infinity,0.00,1,,False,150,True,8378088129,false,True,pooteeweet_scarf_inf,[],True,28188108097,,Litographs,November 2,,False,0.00,paid,,0,United States,Missouri,St. Louis,63123,1
1371685290110,547579232382,2018-10-31 22:43:13,glass2_tee_unisex_xl_lavender,Throne of Glass - Unisex,34.00,1,Throne of Glass,Unisex,0.00,1,,False,150,True,3928528769,false,True,glass2_tee_unisex,"[{'title': 'MA State Tax', 'price': '0.00', 'rate': 0.0625, 'price_set': {'shop_money': {'amount': '0.00', 'currency_code': 'USD'}, 'presentment_money': {'amount': '0.00', 'currency_code': 'USD'}}}]",True,25507392001,,Litographs,November 2,,False,0.00,paid,,0,United States,Massachusetts,Brockton,02302,1
1371683848318,547578740862,2018-10-31 22:40:05,custom_scarf_inf_serif_purple_CID1541024999266501,Custom Scarf - Infinity / Single Scarf,49.00,1,Custom Scarf,Infinity / Single Scarf,0.00,1,,False,150,True,8288574337,false,True,custom_scarf_inf,"[{'title': 'VAT', 'price': '9.80', 'rate': 0.2, 'price_set': {'shop_money': {'amount': '9.80', 'currency_code': 'USD'}, 'presentment_money': {'amount': '9.80', 'currency_code': 'USD'}}}]",True,27773941953,,Litographs,November 2,,False,11.80,paid,,0,United Kingdom,,Essex,SS12 9BW,1
1371683225726,547578445950,2018-10-31 22:38:07,outlander_tote_navyblue,Outlander,29.00,1,Outlander,,0.00,1,,False,454,True,1989313601,true,True,outlander_tote,"[{'title': 'MA State Tax', 'price': '1.81', 'rate': 0.0625, 'price_set': {'shop_money': {'amount': '1.81', 'currency_code': 'USD'}, 'presentment_money': {'amount': '1.81', 'currency_code': 'USD'}}}]",True,25499037057,,Litographs,November 2,default,False,1.81,paid,,0,United States,Massachusetts,Marshfield,02050,1
1371681620094,547577692286,2018-10-31 22:33:19,grass_tee_unisex_l_green5,Leaves of Grass - Unisex,34.00,1,Leaves of Grass,Unisex,0.00,1,,False,150,True,151525553,false,True,grass_tee_unisex,[],True,25505265665,,Litographs,November 2,,False,0.00,paid,,0,United States,Maryland,Bowie,20720,1
1371681521790,547577626750,2018-10-31 22:32:52,pride3_tee_vneck_xl_seagreen1,Pride and Prejudice - Women's V-Neck,34.00,1,Pride and Prejudice,Women's V-Neck,0.00,1,,False,150,True,8514021133,true,True,pride3_tee_vneck,[],True,28961492685,,Litographs,November 2,default,False,0.00,paid,,0,United States,North Carolina,Spring Hope,27882,1
1371681554558,547577626750,2018-10-31 22:32:52,pride3_tee_vneck_2xl_burgundy,Pride and Prejudice - Women's V-Neck,34.00,1,Pride and Prejudice,Women's V-Neck,0.00,1,,False,150,True,8514021133,true,True,pride3_tee_vneck,[],True,28961492685,,Litographs,November 2,default,False,0.00,paid,,0,United States,North Carolina,Spring Hope,27882,1
1371680833662,547577200766,2018-10-31 22:30:36,darwin_42x63_darkgreen1,On the Origin of Species - 42x63,59.00,1,On the Origin of Species,42x63,0.00,1,,False,45359,True,89994971,false,True,darwin_42x63,"[{'title': 'NY State Tax', 'price': '2.36', 'rate': 0.04, 'price_set': {'shop_money': {'amount': '2.36', 'currency_code': 'USD'}, 'presentment_money': {'amount': '2.36', 'currency_code': 'USD'}}}, {'title': 'New York County Tax', 'price': '2.88', 'rate': 0.04875, 'price_set': {'shop_money': {'amount': '2.88', 'currency_code': 'USD'}, 'presentment_money': {'amount': '2.88', 'currency_code': 'USD'}}}]",True,25510929089,,Litographs,November 9,,False,5.24,paid,,0,United States,New York,New York,10011,1
1371680407678,547576971390,2018-10-31 22:28:23,milton_blanket_standard_tan,Paradise Lost,69.00,1,Paradise Lost,,0.00,1,,False,880,True,1301801468030,false,True,milton_blanket_standard,"[{'title': 'MA State Tax', 'price': '4.31', 'rate': 0.0625, 'price_set': {'shop_money': {'amount': '4.31', 'currency_code': 'USD'}, 'presentment_money': {'amount': '4.31', 'currency_code': 'USD'}}}]",True,12158273749118,,Litographs,November 2,,False,4.31,paid,,0,United States,Massachusetts,Newton,02459,4
1371678179454,547575660670,2018-10-31 22:20:37,gatsby_scarf_inf_script_burgundy,The Great Gatsby - Infinity,39.00,1,The Great Gatsby,Infinity,0.00,1,,False,150,True,8275995905,false,True,gatsby_scarf_inf,[],True,27716744833,,Litographs,November 2,,False,0.00,paid,,0,United States,Nebraska,York,68467,1
1371677261950,547575234686,2018-10-31 22:17:03,kiterunner_tee_unisex_m_lavender,The Kite Runner - Unisex,34.00,1,The Kite Runner,Unisex,0.00,1,,False,150,True,9668883405,false,True,kiterunner_tee_unisex,[],True,36140414669,,Litographs,November 2,,False,0.00,paid,,0,United States,Connecticut,Wallingford,06492,1
1371672019070,547573235838,2018-10-31 22:05:59,pride3_tee_vneck_s_burgundy,Pride and Prejudice - Women's V-Neck,34.00,1,Pride and Prejudice,Women's V-Neck,0.00,1,,False,150,True,8514021133,true,True,pride3_tee_vneck,[],True,28961492685,,Litographs,November 2,default,False,0.00,paid,,0,United States,Pennsylvania,Middletown,17057,1
1371661140094,547567927422,2018-10-31 21:35:14,count_scarf_inf_script_navyblue,The Count of Monte Cristo - Infinity,39.00,1,The Count of Monte Cristo,Infinity,0.00,1,,False,150,True,8414731329,false,True,count_scarf_inf,[],True,28339958465,,Litographs,November 2,,False,0.00,paid,,0,United States,Georgia,Smyrna,30080,1
1371660615806,547567534206,2018-10-31 21:33:19,default_grabbag_tee_unisex_xl,T-shirt Grab Bag - Unisex / XL,17.00,2,T-shirt Grab Bag,Unisex / XL,0.00,2,,False,150,True,8644745037,true,True,default_grabbag_tee_unisex_xl,[],False,29613106893,shopify,Litographs,November 2,default,False,0.00,paid,,0,United States,Oklahoma,Oklahoma City,73107,1
1371659862142,547567173758,2018-10-31 21:31:42,nancydrew_blanket_standard_lavender,Nancy Drew: The Secret of the Old Clock,69.00,1,Nancy Drew: The Secret of the Old Clock,,0.00,1,,False,880,True,1301801730174,false,True,nancydrew_blanket_standard,[],True,12158274011262,,Litographs,November 2,,False,0.00,paid,,0,United States,Illinois,Champaign,61820,1
1371656421502,547565305982,2018-10-31 21:22:53,dickinson_scarf_inf_sans_black,Poems by Emily Dickinson - Infinity,39.00,1,Poems by Emily Dickinson,Infinity,0.00,1,,False,150,True,8414807809,false,True,dickinson_scarf_inf,"[{'title': 'NY State Tax', 'price': '0.00', 'rate': 0.04, 'price_set': {'shop_money': {'amount': '0.00', 'currency_code': 'USD'}, 'presentment_money': {'amount': '0.00', 'currency_code': 'USD'}}}, {'title': 'Onondaga County Tax', 'price': '1.56', 'rate': 0.04, 'price_set': {'shop_money': {'amount': '1.56', 'currency_code': 'USD'}, 'presentment_money': {'amount': '1.56', 'currency_code': 'USD'}}}]",True,28340203137,,Litographs,November 2,,False,1.76,paid,,0,United States,New York,Syracuse,13210,1
1371652948094,547564290174,2018-10-31 21:18:30,darwin_origtee_scoop_l_black,On the Origin of Species - Women's Scoop,29.00,1,On the Origin of Species,Women's Scoop,0.00,1,,False,150,True,10423512205,true,True,darwin_origtee_scoop,[],True,40378061581,,Litographs,November 2,quickship,False,0.00,paid,,5.80,United States,California,Irvine,92612,1
1371649310846,547562651774,2018-10-31 21:09:51,gatsby_tote_limegreen,The Great Gatsby,29.00,1,The Great Gatsby,,0.00,1,,False,454,True,151547461,true,True,gatsby_tote,"[{'title': 'VAT', 'price': '5.80', 'rate': 0.2, 'price_set': {'shop_money': {'amount': '5.80', 'currency_code': 'USD'}, 'presentment_money': {'amount': '5.80', 'currency_code': 'USD'}}}]",True,25477424833,,Litographs,November 2,default,False,22.40,paid,,0,United Kingdom,,London,NW6 2LG,1
1371649343614,547562651774,2018-10-31 21:09:51,pride_scarf_inf_script_red,Pride and Prejudice - Infinity,39.00,1,Pride and Prejudice,Infinity,0.00,1,,False,150,True,7833327809,false,True,pride_scarf_inf,"[{'title': 'VAT', 'price': '7.80', 'rate': 0.2, 'price_set': {'shop_money': {'amount': '7.80', 'currency_code': 'USD'}, 'presentment_money': {'amount': '7.80', 'currency_code': 'USD'}}}]",True,25457723969,,Litographs,November 2,,False,22.40,paid,,0,United Kingdom,,London,NW6 2LG,1
1371649376382,547562651774,2018-10-31 21:09:51,pb1book_tee_unisex_m_darkblue,The Princess Bride - Unisex,34.00,1,The Princess Bride,Unisex,0.00,1,,False,150,True,3684096001,false,True,pb1_tee_unisex,"[{'title': 'VAT', 'price': '6.80', 'rate': 0.2, 'price_set': {'shop_money': {'amount': '6.80', 'currency_code': 'USD'}, 'presentment_money': {'amount': '6.80', 'currency_code': 'USD'}}}]",True,25507009793,,Litographs,November 2,,False,22.40,paid,,0,United Kingdom,,London,NW6 2LG,1
1371646951550,547561373822,2018-10-31 21:00:17,pb1film_tee_unisex_m_green,The Princess Bride - Unisex,34.00,1,The Princess Bride,Unisex,0.00,1,,False,150,True,3684096001,false,True,pb1_tee_unisex,"[{'title': 'VAT', 'price': '6.80', 'rate': 0.2, 'price_set': {'shop_money': {'amount': '6.80', 'currency_code': 'USD'}, 'presentment_money': {'amount': '6.80', 'currency_code': 'USD'}}}]",True,25507009793,,Litographs,November 2,,False,8.80,paid,,0,United Kingdom,,"Letchworth Garden City, Hertfordshire",SG6 4TS,1
1371641643134,547559440510,2018-10-31 20:50:36,wizard_tee_vneck_l_sand,The Wonderful Wizard of Oz - Women's V-Neck,34.00,1,The Wonderful Wizard of Oz,Women's V-Neck,0.00,1,,False,150,True,387195245,false,True,wizard_tee_vneck,[],True,25507295553,,Litographs,November 2,,False,0.00,paid,,0,United States,Arkansas,Little Rock,72205,1
1371641675902,547559440510,2018-10-31 20:50:36,lesmis_tee_unisex_xl_bw,Les Misérables - Unisex,34.00,1,Les Misérables,Unisex,0.00,1,,False,150,True,151525637,false,True,lesmis_tee_unisex,[],True,25505283393,,Litographs,November 2,,False,0.00,paid,,0,United States,Arkansas,Little Rock,72205,1
1371641708670,547559440510,2018-10-31 20:50:36,prejudice_tee_unisex_m_lavender2,Pride and Prejudice - Unisex,34.00,1,Pride and Prejudice,Unisex,0.00,1,,False,150,True,1833843265,false,True,prejudice_tee_unisex,[],True,25505848321,,Litographs,November 2,,False,0.00,paid,,0,United States,Arkansas,Little Rock,72205,1
1371639251070,547558490238,2018-10-31 20:45:31,glass_tee_unisex_s_red6,Throne of Glass - Unisex,34.00,1,Throne of Glass,Unisex,0.00,1,,False,150,True,809012033,false,True,glass_tee_unisex,"[{'title': 'VAT', 'price': '6.80', 'rate': 0.2, 'price_set': {'shop_money': {'amount': '6.80', 'currency_code': 'USD'}, 'presentment_money': {'amount': '6.80', 'currency_code': 'USD'}}}]",True,25507362433,,Litographs,November 2,,False,8.80,paid,,0,United Kingdom,,Bicester,OX26 3WG,1
1371638300798,547557998718,2018-10-31 20:42:18,sirens_tee_unisex_2xl_navyblue,The Sirens of Titan - Unisex,34.00,1,The Sirens of Titan,Unisex,0.00,1,,False,150,True,8378731329,false,True,sirens_tee_unisex,[],True,28189974593,,Litographs,November 2,,False,0.00,paid,,0,United States,Minnesota,Rosemount,55068,1
1371636334718,547556687998,2018-10-31 20:36:33,eyes_origtee_unisex_s_royalblue,Their Eyes Were Watching God - Unisex,29.00,1,Their Eyes Were Watching God,Unisex,0.00,1,,False,150,True,10423530829,true,True,eyes_origtee_unisex,[],True,40378147597,,Litographs,November 2,default,False,0.00,paid,,0,United States,Florida,Tallahassee,32311,1
1371631583358,547554197630,2018-10-31 20:24:27,alice_pillow_lightblue1,Alice's Adventures in Wonderland,35.00,1,Alice's Adventures in Wonderland,,0.00,1,,False,392,True,1301787181182,false,True,alice_pillow,[],True,12158173184126,,Litographs,November 2,,False,0.00,paid,,0,United States,Florida,Pt. St. Lucie,34983,2
1371631616126,547554197630,2018-10-31 20:24:27,beauty_blanket_standard_sand,Black Beauty,69.00,1,Black Beauty,,0.00,1,,False,880,True,1301796552830,false,True,beauty_blanket_standard,[],True,12158203330686,,Litographs,November 2,,False,0.00,paid,,0,United States,Florida,Pt. St. Lucie,34983,2
1371628568702,547552886910,2018-10-31 20:17:57,count_scarf_inf_script_forestgreen,The Count of Monte Cristo - Infinity,39.00,1,The Count of Monte Cristo,Infinity,0.00,1,,False,150,True,8414731329,false,True,count_scarf_inf,[],True,28339958465,,Litographs,November 2,,False,0.00,paid,,0,United States,Colorado,Lakewood,80227,1
1371616510078,547550625918,2018-10-31 20:08:30,matilda_tee_women_s_seagreen1,Matilda - Women's Crew,34.00,1,Matilda,Women's Crew,0.00,1,,False,150,True,151396384781,false,True,matilda_tee_women,[],True,1593673318413,,Litographs,November 2,,False,0.00,paid,,0,Ireland,Donegal,Donegal Town,,1
1371614937214,547549905022,2018-10-31 20:05:07,glass_12x16_red6,Throne of Glass - 12x16 Matted,19.00,1,Throne of Glass,12x16 Matted,0.00,1,,False,227,True,809007105,false,True,glass_12x16,"[{'title': 'VAT', 'price': '3.80', 'rate': 0.2, 'price_set': {'shop_money': {'amount': '3.80', 'currency_code': 'USD'}, 'presentment_money': {'amount': '3.80', 'currency_code': 'USD'}}}]",True,25512031169,,Litographs,November 9,,False,9.60,paid,,0,United Kingdom,,Henfield,BN5 9RL,1
1371614969982,547549905022,2018-10-31 20:05:07,glass2_12x16_green,Throne of Glass - 12x16 Matted,19.00,1,Throne of Glass,12x16 Matted,0.00,1,,False,227,True,3928528065,false,True,glass2_12x16,"[{'title': 'VAT', 'price': '3.80', 'rate': 0.2, 'price_set': {'shop_money': {'amount': '3.80', 'currency_code': 'USD'}, 'presentment_money': {'amount': '3.80', 'currency_code': 'USD'}}}]",True,25512032129,,Litographs,November 9,,False,9.60,paid,,0,United Kingdom,,Henfield,BN5 9RL,1
1371610677374,547548856446,2018-10-31 19:59:09,winndixie_scarf_inf_script_red,Because of Winn-Dixie - Infinity,39.00,1,Because of Winn-Dixie,Infinity,0.00,1,,False,150,True,8416915585,false,True,winndixie_scarf_inf,"[{'title': 'GST', 'price': '3.90', 'rate': 0.1, 'price_set': {'shop_money': {'amount': '3.90', 'currency_code': 'USD'}, 'presentment_money': {'amount': '3.90', 'currency_code': 'USD'}}}]",True,28349262529,,Litographs,November 2,,False,4.90,paid,,0,Australia,Victoria,Cranbourne,3977,1
1371610546302,547548725374,2018-10-31 19:57:24,twocities_blanket_standard_darkgreen1,A Tale of Two Cities,69.00,1,A Tale of Two Cities,,0.00,1,,False,880,True,1301805138046,false,True,twocities_blanket_standard,[],True,12158286168190,,Litographs,November 2,,False,0.00,paid,,6.90,United States,Illinois,Chicago,60613,3
1371607859326,547547283582,2018-10-31 19:48:17,cinder_blanket_standard_bw,Cinder,69.00,1,Cinder,,0.00,1,,False,880,True,1301797240958,false,True,cinder_blanket_standard,[],True,12158216241278,,Litographs,November 2,,False,0.00,paid,,6.90,United States,Utah,Provo,84604,1
1371604877438,547546497150,2018-10-31 19:44:13,hamlet_tote_bw,Hamlet,29.00,1,Hamlet,,0.00,1,,False,454,True,151524915,false,True,hamlet_tote,"[{'title': 'VAT', 'price': '5.80', 'rate': 0.2, 'price_set': {'shop_money': {'amount': '5.80', 'currency_code': 'USD'}, 'presentment_money': {'amount': '5.80', 'currency_code': 'USD'}}}]",True,25471469889,,Litographs,November 2,,False,7.80,paid,,0,United Kingdom,,Loughborough ,LE11 1PF,1
1371598913662,547544399998,2018-10-31 19:32:14,tess_scarf_inf_script_pink1,Tess of the D'urbervilles - Infinity,39.00,1,Tess of the D'urbervilles,Infinity,0.00,1,,False,150,True,8416632129,false,True,tess_scarf_inf,[],True,28347878145,,Litographs,November 2,,False,0.00,paid,,0,United States,Connecticut,Norwalk,06851,1
1371595866238,547543416958,2018-10-31 19:27:25,kingkiller1_tee_unisex_m_black,The Name of the Wind - Unisex,0.00,1,The Name of the Wind,Unisex,0.00,1,,False,150,True,8551318349,false,True,kingkiller1_tee_unisex,[],True,29125880077,,Litographs,,,False,0.00,paid,,0,New Zealand,Canterbury,Christchurch,8052,2
1371591704702,547541287038,2018-10-31 19:16:21,macbethsolid_tee_vneck_s_serif_darkblue,Macbeth - Women's V-Neck,34.00,1,Macbeth,Women's V-Neck,0.00,1,,False,150,True,9531662989,false,True,macbethsolid_tee_vneck,[],True,35298940429,,Litographs,November 2,,False,0.00,paid,,0,United States,Illinois,Great Lakes,60088,1
1371591278718,547541057662,2018-10-31 19:15:20,clockwork_scarf_inf_mono_orange,A Clockwork Orange - Infinity,39.00,1,A Clockwork Orange,Infinity,0.00,1,,False,150,True,9092694093,false,True,clockwork_scarf_inf,"[{'title': 'MA State Tax', 'price': '0.00', 'rate': 0.0625, 'price_set': {'shop_money': {'amount': '0.00', 'currency_code': 'USD'}, 'presentment_money': {'amount': '0.00', 'currency_code': 'USD'}}}]",True,32075874957,,Litographs,November 2,,False,0.00,paid,,0,United States,Massachusetts,Lowell,01852,3
1371591311486,547541057662,2018-10-31 19:15:20,cradle_scarf_inf_mono_purple,Cat's Cradle - Infinity,39.00,1,Cat's Cradle,Infinity,0.00,1,,False,150,True,8414745025,false,True,cradle_scarf_inf,"[{'title': 'MA State Tax', 'price': '0.00', 'rate': 0.0625, 'price_set': {'shop_money': {'amount': '0.00', 'currency_code': 'USD'}, 'presentment_money': {'amount': '0.00', 'currency_code': 'USD'}}}]",True,28340008065,,Litographs,November 2,,False,0.00,paid,,0,United States,Massachusetts,Lowell,01852,3
1371591344254,547541057662,2018-10-31 19:15:20,dickinson_scarf_inf_serif_red,Poems by Emily Dickinson - Infinity,39.00,1,Poems by Emily Dickinson,Infinity,0.00,1,,False,150,True,8414807809,false,True,dickinson_scarf_inf,"[{'title': 'MA State Tax', 'price': '0.00', 'rate': 0.0625, 'price_set': {'shop_money': {'amount': '0.00', 'currency_code': 'USD'}, 'presentment_money': {'amount': '0.00', 'currency_code': 'USD'}}}]",True,28340203137,,Litographs,November 2,,False,0.00,paid,,0,United States,Massachusetts,Lowell,01852,3
1371591377022,547541057662,2018-10-31 19:15:20,pb1book_tee_unisex_xl_lavender,The Princess Bride - Unisex,34.00,1,The Princess Bride,Unisex,0.00,1,,False,150,True,3684096001,false,True,pb1_tee_unisex,"[{'title': 'MA State Tax', 'price': '0.00', 'rate': 0.0625, 'price_set': {'shop_money': {'amount': '0.00', 'currency_code': 'USD'}, 'presentment_money': {'amount': '0.00', 'currency_code': 'USD'}}}]",True,25507009793,,Litographs,November 2,,False,0.00,paid,,0,United States,Massachusetts,Lowell,01852,3
1371590590590,547540697214,2018-10-31 19:13:35,outlander1_scarf_inf_script_purple,Outlander - Infinity,39.00,1,Outlander,Infinity,0.00,1,,False,150,True,8239361537,false,True,outlander_scarf_inf,"[{'title': 'MwSt', 'price': '8.19', 'rate': 0.21, 'price_set': {'shop_money': {'amount': '8.19', 'currency_code': 'USD'}, 'presentment_money': {'amount': '8.19', 'currency_code': 'USD'}}}]",True,27558131905,,Litographs,November 2,,False,18.48,paid,,0,Germany,,Kerpen,50169,1
1371590623358,547540697214,2018-10-31 19:13:35,midsummer_scarf_inf_script_purple,A Midsummer Night's Dream - Infinity,39.00,1,A Midsummer Night's Dream,Infinity,0.00,1,,False,150,True,7833094081,false,True,midsummer_scarf_inf,"[{'title': 'MwSt', 'price': '8.19', 'rate': 0.21, 'price_set': {'shop_money': {'amount': '8.19', 'currency_code': 'USD'}, 'presentment_money': {'amount': '8.19', 'currency_code': 'USD'}}}]",True,25456188225,,Litographs,November 2,,False,18.48,paid,,0,Germany,,Kerpen,50169,1
1371568930942,547534930046,2018-10-31 18:41:06,peter_18x24_bw,Peter Pan - 18x24,24.00,1,Peter Pan,18x24,0.00,1,,False,227,True,89994983,false,True,peter_18x24,[],True,25510957889,,Litographs,November 9,,False,0.00,paid,,0,Canada,Ontario,Mt Brydges,N0L 1W0,1
1371568963710,547534930046,2018-10-31 18:41:06,persuasion_18x24_bw,Persuasion - 18x24,24.00,1,Persuasion,18x24,0.00,1,,False,227,True,127810792,false,True,persuasion_18x24,[],True,25510946497,,Litographs,November 9,,False,0.00,paid,,0,Canada,Ontario,Mt Brydges,N0L 1W0,1
1371568996478,547534930046,2018-10-31 18:41:06,sensibility_18x24_bw,Sense and Sensibility - 18x24,24.00,1,Sense and Sensibility,18x24,0.00,1,,False,227,True,1537638273,false,True,sensibility_18x24,[],True,25511014593,,Litographs,November 9,,False,0.00,paid,,0,Canada,Ontario,Mt Brydges,N0L 1W0,1
1371569029246,547534930046,2018-10-31 18:41:06,pb1book_18x24_bw,The Princess Bride - 18x24,24.00,1,The Princess Bride,18x24,0.00,1,,False,227,True,3684094913,false,True,pb1_18x24,[],True,25511924929,,Litographs,November 9,,False,0.00,paid,,0,Canada,Ontario,Mt Brydges,N0L 1W0,1
1371569062014,547534930046,2018-10-31 18:41:06,scarletmeyer_18x24_bw,Scarlet - 18x24,24.00,1,Scarlet,18x24,0.00,1,,False,227,True,8528253261,false,True,scarletmeyer_18x24,[],True,29020913101,,Litographs,November 9,,False,0.00,paid,,0,Canada,Ontario,Mt Brydges,N0L 1W0,1
1371569094782,547534930046,2018-10-31 18:41:06,cinder_18x24_bw,Cinder - 18x24,24.00,1,Cinder,18x24,0.00,1,,False,227,True,3715441921,false,True,cinder_18x24,[],True,25510585921,,Litographs,November 9,,False,0.00,paid,,0,Canada,Ontario,Mt Brydges,N0L 1W0,1
1371569127550,547534930046,2018-10-31 18:41:06,ella_scarf_inf_serif_navyblue,Ella Enchanted - Infinity,39.00,1,Ella Enchanted,Infinity,0.00,1,,False,150,True,8239651329,false,True,ella_scarf_inf,[],True,27558979329,,Litographs,November 2,,False,0.00,paid,,0,Canada,Ontario,Mt Brydges,N0L 1W0,1
1371568472190,547534766206,2018-10-31 18:40:23,littleprince_tee_vneck_m_bw,The Little Prince - Women's V-Neck,34.00,1,The Little Prince,Women's V-Neck,0.00,1,,False,150,True,7168153537,true,True,littleprince_tee_vneck,[],True,25506773953,,Litographs,November 2,default,False,0.00,paid,,0,Canada,Ontario,Kincardine ,N2Z1H8,1
1371564179582,547532701822,2018-10-31 18:28:24,lightning_tee_unisex_m_bw,The Lightning Thief - Unisex,34.00,1,The Lightning Thief,Unisex,0.00,1,,False,150,True,10724499533,false,True,lightning_tee_unisex,[],True,43990666829,,Litographs,November 2,,False,0.00,paid,,0,United States,Texas,Lockney,79241,1
1371561066622,547531358334,2018-10-31 18:21:05,mobysolid_tee_unisex_l_serif_brown,Moby Dick - Unisex,34.00,1,Moby Dick,Unisex,0.00,1,,False,150,True,9531762253,false,True,mobysolid_tee_unisex,[],True,35299096653,,Litographs,November 2,,False,0.00,paid,,0,United States,Minnesota,Minneapolis,55416,1
1371559559294,547530473598,2018-10-31 18:16:36,outlander_tee_unisex_m_burgundy1,Outlander - Unisex,34.00,1,Outlander,Unisex,0.00,1,,False,150,True,1989312769,false,True,outlander_tee_unisex,[],True,25505581569,,Litographs,November 2,,False,0.00,paid,,0,United States,Armed Forces Europe,APO ,09012,1
1371558543486,547529883774,2018-10-31 18:13:38,ontheroad_tee_unisex_l_bw,On the Road - Unisex,34.00,1,On the Road,Unisex,0.00,1,,False,150,True,4023656001,true,True,ontheroad_tee_unisex,[],True,25505547521,,Litographs,November 2,default,False,0.00,paid,,0,United States,Maryland,Baltimore,21225,1
1371556839550,547529097342,2018-10-31 18:09:21,pb1film_scarf_inf_script_purple,The Princess Bride - Infinity,39.00,1,The Princess Bride,Infinity,0.00,1,,False,150,True,8419792897,false,True,pb1_scarf_inf,[],True,28372075777,,Litographs,November 2,,False,0.00,paid,,14.60,Canada,Ontario,London,N6H0E7,1
1371556872318,547529097342,2018-10-31 18:09:21,pb1film_tee_vneck_m_darkblue,The Princess Bride - Women's V-Neck,34.00,1,The Princess Bride,Women's V-Neck,0.00,1,,False,150,True,3684096001,false,True,pb1_tee_vneck,[],True,25507009857,,Litographs,November 2,,False,0.00,paid,,14.60,Canada,Ontario,London,N6H0E7,1
1371550548094,547526017150,2018-10-31 17:56:29,bible_tote_lightblue11,The Bible,29.00,1,The Bible,,0.00,1,,False,454,True,151546631,true,True,bible_tote,[],True,25476507841,,Litographs,November 2,quickship,False,0.00,paid,,11.60,United States,Texas,WACO,76712-4057,1
1371550580862,547526017150,2018-10-31 17:56:29,gatsby_tote_limegreen,The Great Gatsby,29.00,1,The Great Gatsby,,0.00,1,,False,454,True,151547461,true,True,gatsby_tote,[],True,25477424833,,Litographs,November 2,quickship,False,0.00,paid,,11.60,United States,Texas,WACO,76712-4057,1
1371549827198,547525623934,2018-10-31 17:53:32,cradle_tee_unisex_l_bw,Cat's Cradle - Unisex,34.00,1,Cat's Cradle,Unisex,0.00,1,,False,150,True,5647201601,false,True,cradle_tee_unisex,[],True,25504677441,,Litographs,November 2,,False,0.00,paid,,0,United States,Nevada,Carson City,89703,1
1371546878078,547524477054,2018-10-31 17:47:54,wonderland_tee_vneck_l_rose,Alice’s Adventures in Wonderland - Women's V-Neck,34.00,1,Alice’s Adventures in Wonderland,Women's V-Neck,0.00,1,,False,150,True,174678537,false,True,wonderland_tee_vneck,[],True,25504535617,,Litographs,November 2,,False,0.00,paid,,0,Italy,Cagliari,Elmas (CA),09030,1
1371546419326,547524280446,2018-10-31 17:47:02,telltale_tee_vneck_2xl_black,The Tell-Tale Heart - Women's V-Neck,34.00,1,The Tell-Tale Heart,Women's V-Neck,0.00,1,,False,150,True,8249665857,false,True,telltale_tee_vneck,[],True,27598738817,,Litographs,November 2,,False,0.00,paid,,0,United States,Arizona,Gilbert,85295,1
1371545960574,547524083838,2018-10-31 17:45:54,persuasion2_blanket_standard_lightblue1,Persuasion,69.00,1,Persuasion,,0.00,1,,False,880,True,1301802614910,false,True,persuasion2_blanket_standard,[],True,12158275256446,,Litographs,November 2,,False,0.00,paid,,0,United States,California,La Crescenta-Montrose,91020,1
1371545993342,547524083838,2018-10-31 17:45:54,pride_pillow_green,Pride and Prejudice,35.00,1,Pride and Prejudice,,0.00,1,,False,392,True,1301793636478,false,True,pride_pillow,[],True,12158196285566,,Litographs,November 2,,False,0.00,paid,,0,United States,California,La Crescenta-Montrose,91020,1
1371542913150,547522248830,2018-10-31 17:35:26,justso_tee_unisex_m_green1,Just So Stories - Unisex,34.00,1,Just So Stories,Unisex,0.00,1,,False,150,True,151525339,false,True,justso_tee_unisex,[],True,25505205249,,Litographs,November 2,,False,0.00,paid,,0,United States,Texas,Gilmer,75645,1
1371542945918,547522248830,2018-10-31 17:35:26,wonder_tee_unisex_m_lightblue17,Wonder - Unisex,34.00,1,Wonder,Unisex,0.00,1,,False,150,True,417787797,false,True,wonder_tee_unisex,[],True,25507513153,,Litographs,November 2,,False,0.00,paid,,0,United States,Texas,Gilmer,75645,1
1371542782078,547522150526,2018-10-31 17:34:51,littlehouse_blanket_standard_orange,Little House on the Prairie,69.00,1,Little House on the Prairie,,0.00,1,,False,880,True,1301801074814,false,True,littlehouse_blanket_standard,[],True,12158273355902,,Litographs,November 2,,False,0.00,paid,,6.90,United States,Maine,York,03909,1
1371530526846,547517726846,2018-10-31 17:08:56,pb1book_tee_vneck_m_green,The Princess Bride - Women's V-Neck,34.00,1,The Princess Bride,Women's V-Neck,0.00,1,,False,150,True,3684096001,false,True,pb1_tee_vneck,[],True,25507009857,,Litographs,November 2,,False,0.00,paid,,3.40,United States,Minnesota,Mora ,55051,1
1371523711102,547515334782,2018-10-31 16:52:38,outlander_pillow_brown,Outlander,35.00,1,Outlander,,0.00,1,,False,392,True,1301792718974,false,True,outlander_pillow,[],True,12158195335294,,Litographs,November 2,,False,0.00,paid,,0,United States,Idaho,meridian,83646,2
1371523743870,547515334782,2018-10-31 16:52:38,outlander_tee_vneck_m_navyblue,Outlander - Women's V-Neck,34.00,1,Outlander,Women's V-Neck,0.00,1,,False,150,True,1989312769,true,True,outlander_tee_vneck,[],True,25505581633,,Litographs,November 2,default,False,0.00,paid,,0,United States,Idaho,meridian,83646,2
1371523481726,547515269246,2018-10-31 16:51:48,lesmis_tee_women_2xl_bw,Les Misérables - Women's Crew,34.00,1,Les Misérables,Women's Crew,0.00,1,,False,150,True,151525637,false,True,lesmis_tee_women,[],True,25505283649,,Litographs,November 2,,False,0.00,paid,,0,United States,California,Lake Almanor,96137,1
1371522957438,547514876030,2018-10-31 16:48:59,pride_scarf_inf_script_orange,Pride and Prejudice - Infinity,39.00,1,Pride and Prejudice,Infinity,0.00,1,,False,150,True,7833327809,false,True,pride_scarf_inf,[],True,25457723969,,Litographs,November 2,,False,0.00,paid,,0,United States,Nevada,Carson City,89701,1
1371522990206,547514876030,2018-10-31 16:48:59,prejudice_tee_vneck_m_lavender2,Pride and Prejudice - Women's V-Neck,34.00,1,Pride and Prejudice,Women's V-Neck,0.00,1,,False,150,True,1833843265,true,True,prejudice_tee_vneck,[],True,25505848385,,Litographs,November 2,default,False,0.00,paid,,0,United States,Nevada,Carson City,89701,1
1371523022974,547514876030,2018-10-31 16:48:59,prejudice_tee_vneck_m_lightblue1,Pride and Prejudice - Women's V-Neck,34.00,1,Pride and Prejudice,Women's V-Neck,0.00,1,,False,150,True,1833843265,false,True,prejudice_tee_vneck,[],True,25505848385,,Litographs,November 2,,False,0.00,paid,,0,United States,Nevada,Carson City,89701,1
1371522662526,547514613886,2018-10-31 16:47:06,glass_tee_unisex_2xl_lightblue1,Throne of Glass - Unisex,34.00,1,Throne of Glass,Unisex,0.00,1,,False,150,True,809012033,false,True,glass_tee_unisex,"[{'title': 'VAT', 'price': '6.12', 'rate': 0.2, 'price_set': {'shop_money': {'amount': '6.12', 'currency_code': 'USD'}, 'presentment_money': {'amount': '6.12', 'currency_code': 'USD'}}}]",True,25507362433,,Litographs,November 2,,False,8.12,paid,,3.40,United Kingdom,,Bromsgrove,B60 3GL,1
1371519484030,547513335934,2018-10-31 16:40:49,littleprince_tee_vneck_l_green3,The Little Prince - Women's V-Neck,34.00,1,The Little Prince,Women's V-Neck,0.00,1,,False,150,True,7168153537,true,True,littleprince_tee_vneck,[],True,25506773953,,Litographs,October 26,default,False,0.00,paid,,0,United States,Arizona,San Tan Valley ,85140,1
1371518926974,547512909950,2018-10-31 16:38:27,sensibility_blanket_standard_lavender1,Sense and Sensibility,69.00,1,Sense and Sensibility,,0.00,1,,False,880,True,1301804318846,false,True,sensibility_blanket_standard,[],True,12158277484670,,Litographs,November 2,,False,0.00,paid,,6.90,United States,Nebraska,Lincoln,68505,2
1371516829822,547511992446,2018-10-31 16:32:23,nancydrew_tee_vneck_s_green,Nancy Drew: The Secret of the Old Clock - Women's V-Neck,34.00,1,Nancy Drew: The Secret of the Old Clock,Women's V-Neck,0.00,1,,False,150,True,2060916545,false,True,nancydrew_tee_vneck,"[{'title': 'MA State Tax', 'price': '0.00', 'rate': 0.0625, 'price_set': {'shop_money': {'amount': '0.00', 'currency_code': 'USD'}, 'presentment_money': {'amount': '0.00', 'currency_code': 'USD'}}}]",True,25505428225,,Litographs,November 2,,False,0.00,paid,,0,United States,Massachusetts,NANTUCKET,02554,1
1371513684094,547511500926,2018-10-31 16:29:55,littleprince_12x16_brown,The Little Prince - 12x16 Matted,19.00,1,The Little Prince,12x16 Matted,0.00,1,,False,227,True,7168148481,false,True,littleprince_12x16,[],True,25511784257,,Litographs,November 9,,False,0.00,paid,,0,United States,Washington,Cheney,99004,1
1371507392638,547509698686,2018-10-31 16:20:41,eyre_pillow_lightblue1,Jane Eyre,35.00,1,Jane Eyre,,0.00,1,,False,392,True,1301789311102,false,True,eyre_pillow,[],True,12158175314046,,Litographs,November 2,,False,0.00,paid,,0,United States,Texas,Sherman,75090,3
1371506212990,547509108862,2018-10-31 16:16:56,littleprince_blanket_standard_lightblue1,The Little Prince,69.00,1,The Little Prince,,0.00,1,,False,880,True,1301848031358,false,True,littleprince_blanket_standard,[],True,12158696587390,,Litographs,November 2,,False,0.00,paid,,6.90,United States,Utah,Cedar City,84721,2
1371505524862,547508846718,2018-10-31 16:15:26,whiterabbit_pillow_navyblue,Alice's Adventures in Wonderland,35.00,1,Alice's Adventures in Wonderland,,0.00,1,,False,392,True,1301795733630,false,True,whiterabbit_pillow,[],True,12158198382718,,Litographs,November 2,,False,0.00,paid,,0,Canada,Ontario,Ottawa,K1V 9R4,1
1371504705662,547508551806,2018-10-31 16:13:24,gatsby_tee_unisex_m_limegreen,The Great Gatsby - Unisex,34.00,1,The Great Gatsby,Unisex,0.00,1,,False,150,True,151547435,false,True,gatsby_tee_unisex,"[{'title': 'VAT', 'price': '6.80', 'rate': 0.2, 'price_set': {'shop_money': {'amount': '6.80', 'currency_code': 'USD'}, 'presentment_money': {'amount': '6.80', 'currency_code': 'USD'}}}]",True,25506566401,,Litographs,November 2,,False,8.80,paid,,0,United Kingdom,,Sheffield,S2 4BL,1
1371500445822,547507699838,2018-10-31 16:08:38,kingkiller1_tee_unisex_l_black,The Name of the Wind - Unisex,34.00,1,The Name of the Wind,Unisex,0.00,1,,False,150,True,8551318349,false,True,kingkiller1_tee_unisex,[],True,29125880077,,Litographs,November 2,,False,0.00,paid,,0,United States,Ohio,Solon,44139,1
1371498872958,547506913406,2018-10-31 16:05:02,pride_tee_unisex_l_green9,Pride and Prejudice - Unisex,34.00,1,Pride and Prejudice,Unisex,0.00,1,,False,150,True,151544279,true,True,pride_tee_unisex,[],True,25505829057,,Litographs,November 2,default,False,0.00,paid,,0,United States,Arizona,Oro Valley,85737,1
1371487961214,547504128126,2018-10-31 15:49:55,pb1film_blanket_standard_darkblue,The Princess Bride,69.00,1,The Princess Bride,,0.00,1,,False,880,True,1301802221694,false,True,pb1_blanket_standard,[],True,12158274732158,,Litographs,November 2,,False,0.00,paid,,0,United States,Washington,Seattle,98112,1
1371487993982,547504128126,2018-10-31 15:49:55,princessbride_pack_1,The Princess Bride - Black,10.00,1,The Princess Bride,Black,0.00,1,,False,0,True,1297915183230,true,True,princessbride_pack_1,[],True,12112485908606,,Litographs,November 2,default,False,0.00,paid,,0,United States,Washington,Seattle,98112,1
1371480227966,547501277310,2018-10-31 15:35:07,pb2book_blanket_standard_bw,The Princess Bride,69.00,1,The Princess Bride,,0.00,1,,False,880,True,1301802319998,false,True,pb2_blanket_standard,[],True,12158274830462,,Litographs,November 2,,False,0.00,paid,,0,United States,Virginia,Springfield,22151,1
1371475869822,547499573374,2018-10-31 15:26:15,outlander3_scarf_inf_script_navyblue,Outlander - Infinity,39.00,1,Outlander,Infinity,0.00,1,,False,150,True,8239361537,false,True,outlander_scarf_inf,[],True,27558131905,,Litographs,November 2,,False,0.00,paid,,0,United States,Idaho,meridian,83646,2
1371475902590,547499573374,2018-10-31 15:26:15,outlander1_scarf_inf_script_black,Outlander - Infinity,39.00,1,Outlander,Infinity,0.00,1,,False,150,True,8239361537,false,True,outlander_scarf_inf,[],True,27558131905,,Litographs,November 2,,False,0.00,paid,,0,United States,Idaho,meridian,83646,2
1371473608830,547498262654,2018-10-31 15:18:15,lesmis_scarf_inf_script_black,Les Miserables - Infinity,39.00,1,Les Miserables,Infinity,0.00,1,,False,150,True,7832857793,true,True,lesmis_scarf_inf,[],True,25454505217,,Litographs,November 2,quickship,False,0.00,paid,,7.80,United States,Pennsylvania,Southampton,18966,1
1371473444990,547498164350,2018-10-31 15:17:59,emma_tote_lightblue3,Emma,29.00,1,Emma,,0.00,1,,False,454,True,151524331,true,True,emma_tote,[],True,25470322753,,Litographs,November 2,quickship,False,0.00,paid,,5.80,United States,Indiana,Lafayette,47909,1
1371471085694,547496951934,2018-10-31 15:09:21,bible_scarf_inf_script_brown,The Bible - Infinity,39.00,1,The Bible,Infinity,0.00,1,,False,150,True,8414537345,false,True,bible_scarf_inf,[],True,28338623681,,Litographs,November 2,,False,0.00,paid,,0,United States,Washington,Lynnwood,98036,1
1371471118462,547496951934,2018-10-31 15:09:21,bible_scarf_inf_script_black,The Bible - Infinity,39.00,1,The Bible,Infinity,0.00,1,,False,150,True,8414537345,true,True,bible_scarf_inf,[],True,28338623681,,Litographs,November 2,default,False,0.00,paid,,0,United States,Washington,Lynnwood,98036,1
1371471151230,547496951934,2018-10-31 15:09:21,biblesolid_tee_vneck_l_serif_darkblue,The Bible - Women's V-Neck,34.00,1,The Bible,Women's V-Neck,0.00,1,,False,150,True,9535311501,false,True,biblesolid_tee_vneck,[],True,35312224589,,Litographs,November 2,,False,0.00,paid,,0,United States,Washington,Lynnwood,98036,1
1371471183998,547496951934,2018-10-31 15:09:21,biblesolid_tee_vneck_s_serif_black,The Bible - Women's V-Neck,34.00,1,The Bible,Women's V-Neck,0.00,1,,False,150,True,9535311501,false,True,biblesolid_tee_vneck,[],True,35312224589,,Litographs,November 2,,False,0.00,paid,,0,United States,Washington,Lynnwood,98036,1
1371469250686,547496231038,2018-10-31 15:04:46,wild_blanket_standard_forestgreen,The Call of the Wild,69.00,1,The Call of the Wild,,0.00,1,,False,880,True,1301805596798,false,True,wild_blanket_standard,[],True,12158287872126,,Litographs,November 2,,False,0.00,paid,,0,United States,Montana,Great Falls,59404,2
1371469283454,547496231038,2018-10-31 15:04:46,count_blanket_standard_navyblue1,The Count of Monte Cristo,69.00,1,The Count of Monte Cristo,,0.00,1,,False,880,True,1301797404798,false,True,count_blanket_standard,[],True,12158216405118,,Litographs,November 2,,False,0.00,paid,,0,United States,Montana,Great Falls,59404,2
1371469086846,547496067198,2018-10-31 15:03:25,outlander_tote_navyblue,Outlander,29.00,1,Outlander,,0.00,1,,False,454,True,1989313601,true,True,outlander_tote,[],True,25499037057,,Litographs,November 2,default,False,0.00,paid,,0,United States,Tennessee,Milton,37118,1
1371467415678,547494985854,2018-10-31 14:56:20,beowulf_tee_unisex_m_navyblue1,Beowulf - Unisex,34.00,1,Beowulf,Unisex,0.00,1,,False,150,True,465600309,false,True,beowulf_tee_unisex,[],True,25504606465,,Litographs,November 2,,False,0.00,paid,,0,United States,Wisconsin,Elkhorn,53121,1
1371464237182,547493380222,2018-10-31 14:44:31,hamlet_pack_1,Hamlet - Black,10.00,1,Hamlet,Black,0.00,1,,False,0,True,9233721805,true,True,hamlet_pack_1,[],True,33368724045,shopify,Litographs,November 2,default,False,0.00,paid,,0,United States,South Carolina,Charleston,29414,2
1371462860926,547492659326,2018-10-31 14:39:23,bible2_blanket_standard_navyblue,The Bible,69.00,1,The Bible,,0.00,1,,False,880,True,1301796716670,false,True,bible2_blanket_standard,"[{'title': 'GST', 'price': '6.90', 'rate': 0.1, 'price_set': {'shop_money': {'amount': '6.90', 'currency_code': 'USD'}, 'presentment_money': {'amount': '6.90', 'currency_code': 'USD'}}}]",True,12158208704638,,Litographs,November 2,,False,14.70,paid,,0,Australia,Western Australia,MIDDLE SWAN,6056,1
1371462893694,547492659326,2018-10-31 14:39:23,pi_tee_unisex_3xl_bw,Pi - Unisex,34.00,1,Pi,Unisex,0.00,1,,False,150,True,425610977,false,True,pi_tee_unisex,"[{'title': 'GST', 'price': '3.40', 'rate': 0.1, 'price_set': {'shop_money': {'amount': '3.40', 'currency_code': 'USD'}, 'presentment_money': {'amount': '3.40', 'currency_code': 'USD'}}}]",True,25505668289,,Litographs,November 2,,False,14.70,paid,,0,Australia,Western Australia,MIDDLE SWAN,6056,1
1371462926462,547492659326,2018-10-31 14:39:23,brief_tee_unisex_3xl_darkblue,A Brief History of Time - Unisex,34.00,1,A Brief History of Time,Unisex,0.00,1,,False,150,True,8281271681,false,True,brief_tee_unisex,"[{'title': 'GST', 'price': '3.40', 'rate': 0.1, 'price_set': {'shop_money': {'amount': '3.40', 'currency_code': 'USD'}, 'presentment_money': {'amount': '3.40', 'currency_code': 'USD'}}}]",True,27743749953,,Litographs,November 2,,False,14.70,paid,,0,Australia,Western Australia,MIDDLE SWAN,6056,1
1371456635006,547490398334,2018-10-31 14:21:14,pride_pack_1,Pride and Prejudice - Black,10.00,1,Pride and Prejudice,Black,0.00,1,,False,0,True,9233733517,true,True,pride_pack_1,[],True,33368744589,shopify,Litographs,November 2,default,False,0.00,paid,,0,United States,New Jersey,Sparta Township,07871,1
1371456667774,547490398334,2018-10-31 14:21:14,emma_scarf_inf_script_navyblue,Emma - Infinity,39.00,1,Emma,Infinity,0.00,1,,False,150,True,8161795329,false,True,emma_scarf_inf,[],True,27125125953,,Litographs,November 2,,False,0.00,paid,,0,United States,New Jersey,Sparta Township,07871,1
1371456045182,547490070654,2018-10-31 14:20:13,island_tee_unisex_m_gray,The Island of Dr. Moreau - Unisex,34.00,1,The Island of Dr. Moreau,Unisex,0.00,1,,False,150,True,151547971,false,True,island_tee_unisex,"[{'title': 'VAT', 'price': '6.80', 'rate': 0.2, 'price_set': {'shop_money': {'amount': '6.80', 'currency_code': 'USD'}, 'presentment_money': {'amount': '6.80', 'currency_code': 'USD'}}}]",True,25506707585,,Litographs,November 2,,False,15.60,paid,,0,United Kingdom,,"Frodsham, Cheshire",WA6 6DN,1
1371456077950,547490070654,2018-10-31 14:20:13,leagues_tee_unisex_m_blue,"20,000 Leagues Under the Sea - Unisex",34.00,1,"20,000 Leagues Under the Sea",Unisex,0.00,1,,False,150,True,151522595,false,True,leagues_tee_unisex,"[{'title': 'VAT', 'price': '6.80', 'rate': 0.2, 'price_set': {'shop_money': {'amount': '6.80', 'currency_code': 'USD'}, 'presentment_money': {'amount': '6.80', 'currency_code': 'USD'}}}]",True,25504402241,,Litographs,November 2,,False,15.60,paid,,0,United Kingdom,,"Frodsham, Cheshire",WA6 6DN,1
1371454603390,547488989310,2018-10-31 14:16:05,brief_tee_unisex_xl_darkblue,A Brief History of Time - Unisex,34.00,1,A Brief History of Time,Unisex,0.00,1,,False,150,True,8281271681,false,True,brief_tee_unisex,[],True,27743749953,,Litographs,November 2,,False,0.00,paid,,0,United States,California,Roseville,95747,1
1371447984254,547484172414,2018-10-31 13:50:02,raven_scarf_inf_script_burgundy,The Raven - Infinity,39.00,1,The Raven,Infinity,0.00,1,,False,150,True,8275904129,false,True,raven_scarf_inf,[],True,27716442881,,Litographs,November 2,,False,0.00,paid,,0,Luxembourg,,Mertert,6636,1
1371448017022,547484172414,2018-10-31 13:50:02,jekyllsolid_tee_unisex_m_mono_forestgreen,The Strange Case of Dr. Jekyll and Mr. Hyde - Unisex,34.00,1,The Strange Case of Dr. Jekyll and Mr. Hyde,Unisex,0.00,1,,False,150,True,9539485453,false,True,jekyllsolid_tee_unisex,[],True,35329386829,,Litographs,November 2,,False,0.00,paid,,0,Luxembourg,,Mertert,6636,1
1371444772990,547482566782,2018-10-31 13:44:00,glass2_tee_women_s_lavender,Throne of Glass - Women's Crew,34.00,1,Throne of Glass,Women's Crew,0.00,1,,False,150,True,3928528769,false,True,glass2_tee_women,[],True,25507392385,,Litographs,November 2,,False,0.00,paid,,0,United States,Illinois,Pekin,61554,1
1371443953790,547481911422,2018-10-31 13:40:19,wonderland_tee_unisex_2xl_green,Alice’s Adventures in Wonderland - Unisex,34.00,1,Alice’s Adventures in Wonderland,Unisex,0.00,1,,False,150,True,174678537,false,True,wonderland_tee_unisex,"[{'title': 'NY State Tax', 'price': '0.00', 'rate': 0.04, 'price_set': {'shop_money': {'amount': '0.00', 'currency_code': 'USD'}, 'presentment_money': {'amount': '0.00', 'currency_code': 'USD'}}}, {'title': 'Erie County Tax', 'price': '1.13', 'rate': 0.0475, 'price_set': {'shop_money': {'amount': '1.13', 'currency_code': 'USD'}, 'presentment_money': {'amount': '1.13', 'currency_code': 'USD'}}}]",True,25504535553,,Litographs,November 2,,False,1.37,paid,,10.20,United States,New York,Springville,14141,1
1371440611454,547479748734,2018-10-31 13:28:02,acotar_tee_unisex_xl_navyblue,A Court of Thorns and Roses - Unisex,34.00,1,A Court of Thorns and Roses,Unisex,0.00,1,,False,150,True,1301636055166,false,True,acotar_tee_unisex,[],True,12156848832638,,Litographs,November 2,,False,0.00,paid,,0,United States,Tennessee,Greeneville ,37743,1
1371436351614,547476897918,2018-10-31 13:17:48,bfg_tee_unisex_m_green5,The BFG - Unisex,34.00,1,The BFG,Unisex,0.00,1,,False,150,True,151223336973,false,True,bfg_tee_unisex,"[{'title': 'NY State Tax', 'price': '0.00', 'rate': 0.04, 'price_set': {'shop_money': {'amount': '0.00', 'currency_code': 'USD'}, 'presentment_money': {'amount': '0.00', 'currency_code': 'USD'}}}, {'title': 'Erie County Tax', 'price': '1.61', 'rate': 0.0475, 'price_set': {'shop_money': {'amount': '1.61', 'currency_code': 'USD'}, 'presentment_money': {'amount': '1.61', 'currency_code': 'USD'}}}]",True,1593068224525,,Litographs,November 2,,False,1.85,paid,,0,United States,New York,Glenwood,14069,1
1371434319998,547475488894,2018-10-31 13:13:33,grass_scarf_inf_script_purple,Leaves of Grass - Infinity,39.00,1,Leaves of Grass,Infinity,0.00,1,,False,150,True,8415186369,false,True,grass_scarf_inf,[],True,28341461505,,Litographs,November 2,,False,0.00,paid,,0,United States,Florida,Jacksonville,32223,1
1371434352766,547475488894,2018-10-31 13:13:33,frogtoad_scarf_inf_script_pink1,Frog and Toad - Infinity,39.00,1,Frog and Toad,Infinity,0.00,1,,False,150,True,33255751693,false,True,frogtoad_scarf_inf,[],True,284134965261,,Litographs,November 2,,False,0.00,paid,,0,United States,Florida,Jacksonville,32223,1
1371434385534,547475488894,2018-10-31 13:13:33,rainbowfish_scarf_inf_serif_purple,The Rainbow Fish - Infinity,39.00,1,The Rainbow Fish,Infinity,0.00,1,,False,150,True,8416193409,false,True,rainbowfish_scarf_inf,[],True,28346349441,,Litographs,November 2,,False,0.00,paid,,0,United States,Florida,Jacksonville,32223,1
1371434418302,547475488894,2018-10-31 13:13:33,caged_scarf_inf_serif_red,I Know Why the Caged Bird Sings - Infinity,39.00,1,I Know Why the Caged Bird Sings,Infinity,0.00,1,,False,150,True,8378148673,false,True,caged_scarf_inf,[],True,28188295297,,Litographs,November 2,,False,0.00,paid,,0,United States,Florida,Jacksonville,32223,1
1371434451070,547475488894,2018-10-31 13:13:33,bible_scarf_inf_mono_orange,The Bible - Infinity,39.00,1,The Bible,Infinity,0.00,1,,False,150,True,8414537345,false,True,bible_scarf_inf,[],True,28338623681,,Litographs,November 2,,False,0.00,paid,,0,United States,Florida,Jacksonville,32223,1
1371434483838,547475488894,2018-10-31 13:13:33,bible_scarf_inf_mono_purple,The Bible - Infinity,39.00,1,The Bible,Infinity,0.00,1,,False,150,True,8414537345,false,True,bible_scarf_inf,[],True,28338623681,,Litographs,November 2,,False,0.00,paid,,0,United States,Florida,Jacksonville,32223,1
1371434516606,547475488894,2018-10-31 13:13:33,bible_scarf_inf_mono_black,The Bible - Infinity,39.00,1,The Bible,Infinity,0.00,1,,False,150,True,8414537345,false,True,bible_scarf_inf,[],True,28338623681,,Litographs,November 2,,False,0.00,paid,,0,United States,Florida,Jacksonville,32223,1
1371431796862,547473784958,2018-10-31 13:09:25,tamingsolid_tee_unisex_3xl_sans_red,The Taming of the Shrew - Unisex,34.00,1,The Taming of the Shrew,Unisex,0.00,1,,False,150,True,9743004557,false,True,tamingsolid_tee_unisex,"[{'title': 'GST', 'price': '3.40', 'rate': 0.1, 'price_set': {'shop_money': {'amount': '3.40', 'currency_code': 'USD'}, 'presentment_money': {'amount': '3.40', 'currency_code': 'USD'}}}]",True,36470022989,,Litographs,November 2,,False,11.70,paid,,0,Australia,Western Australia,Greenfields,6210,1
1371431829630,547473784958,2018-10-31 13:09:25,sonnets_scarf_inf_script_darkblue,Shakespeare's Sonnets - Infinity,39.00,1,Shakespeare's Sonnets,Infinity,0.00,1,,False,150,True,8645014861,false,True,sonnets_scarf_inf,"[{'title': 'GST', 'price': '3.90', 'rate': 0.1, 'price_set': {'shop_money': {'amount': '3.90', 'currency_code': 'USD'}, 'presentment_money': {'amount': '3.90', 'currency_code': 'USD'}}}]",True,29614139149,,Litographs,November 2,,False,11.70,paid,,0,Australia,Western Australia,Greenfields,6210,1
1371431862398,547473784958,2018-10-31 13:09:25,ophelia_tee_women_s_bw,Hamlet - Women's Crew,34.00,1,Hamlet,Women's Crew,0.00,1,,False,150,True,4024815553,false,True,ophelia_tee_women,"[{'title': 'GST', 'price': '3.40', 'rate': 0.1, 'price_set': {'shop_money': {'amount': '3.40', 'currency_code': 'USD'}, 'presentment_money': {'amount': '3.40', 'currency_code': 'USD'}}}]",True,25505100033,,Litographs,November 2,,False,11.70,paid,,0,Australia,Western Australia,Greenfields,6210,1
1371430256766,547472703614,2018-10-31 13:05:36,biblesolid_tee_unisex_2xl_sans_red,The Bible - Unisex,34.00,1,The Bible,Unisex,0.00,1,,False,150,True,9535311501,false,True,biblesolid_tee_unisex,[],True,35312224461,,Litographs,November 2,,False,0.00,paid,,0,United States,Virginia,Suffolk,23434,2
1371430289534,547472703614,2018-10-31 13:05:36,fairy_tee_vneck_2xl_lightblue1,The Blue Fairy Book - Women's V-Neck,34.00,1,The Blue Fairy Book,Women's V-Neck,0.00,1,,False,150,True,360197469,false,True,fairy_tee_vneck,[],True,25506328001,,Litographs,November 2,,False,0.00,paid,,0,United States,Virginia,Suffolk,23434,2
1371427471486,547471523966,2018-10-31 12:59:52,wuthering_pillow_lavender4,Wuthering Heights,35.00,1,Wuthering Heights,,0.00,1,,False,392,True,1301796094078,false,True,wuthering_pillow,[],True,12158198743166,,Litographs,November 2,,False,0.00,paid,,5.00,United States,Colorado,Aurora,80017,2
1371427504254,547471523966,2018-10-31 12:59:52,garden_tee_women_s_green5,The Secret Garden - Women's Crew,34.00,1,The Secret Garden,Women's Crew,0.00,1,,False,150,True,151549813,false,True,garden_tee_women,[],True,25507109249,,Litographs,November 2,,False,0.00,paid,,5.00,United States,Colorado,Aurora,80017,2
1371419607166,547467591806,2018-10-31 12:27:05,treasure_tee_vneck_m_blue,Treasure Island - Women's V-Neck,34.00,1,Treasure Island,Women's V-Neck,0.00,1,,False,150,True,151551497,false,True,treasure_tee_vneck,[],True,25507406657,,Litographs,November 2,,False,0.00,paid,,0,United States,Maryland,Westminster,21157,1
1371419639934,547467591806,2018-10-31 12:27:05,leagues_tee_unisex_l_lightblue1,"20,000 Leagues Under the Sea - Unisex",34.00,1,"20,000 Leagues Under the Sea",Unisex,0.00,1,,False,150,True,151522595,false,True,leagues_tee_unisex,[],True,25504402241,,Litographs,November 2,,False,0.00,paid,,0,United States,Maryland,Westminster,21157,1
1371416068222,547465396350,2018-10-31 11:58:26,hamlet_blanket_standard_navyblue1,Hamlet,69.00,1,Hamlet,,0.00,1,,False,880,True,1301799207038,false,True,hamlet_blanket_standard,[],True,12158218207358,,Litographs,November 2,,False,0.00,paid,,0,United States,North Carolina,Apex,27502,4
1371415707774,547465101438,2018-10-31 11:55:56,hamlet_tee_unisex_l_burgundy1,Hamlet - Unisex,34.00,1,Hamlet,Unisex,0.00,1,,False,150,True,151524867,false,True,hamlet_tee_unisex,[],True,25505088961,,Litographs,November 2,,False,0.00,paid,,0,Canada,British Columbia,Victoria,V8T 5J1,1
1371413217406,547463528574,2018-10-31 11:35:12,grimm_scarf_inf_mono_purple,Grimms' Fairy Tales - Infinity,39.00,1,Grimms' Fairy Tales,Infinity,0.00,1,,False,150,True,8415205441,false,True,grimm_scarf_inf,[],True,28341511169,,Litographs,November 2,,False,0.00,paid,,0,United States,Virginia,Vinton,24179,1
1371407777918,547460939902,2018-10-31 11:04:40,littleprince_tee_unisex_m_green3,The Little Prince - Unisex,34.00,1,The Little Prince,Unisex,0.00,1,,False,150,True,7168153537,true,True,littleprince_tee_unisex,[],True,25506773889,,Litographs,November 2,default,False,0.00,paid,,0,Denmark,,Havdrup,4622,1
1371404533886,547459268734,2018-10-31 10:39:18,oldman_pillow_lightblue1,The Old Man and the Sea,35.00,1,The Old Man and the Sea,,0.00,1,,False,392,True,1301792391294,false,True,oldman_pillow,"[{'title': 'MwSt', 'price': '7.35', 'rate': 0.21, 'price_set': {'shop_money': {'amount': '7.35', 'currency_code': 'USD'}, 'presentment_money': {'amount': '7.35', 'currency_code': 'USD'}}}]",True,12158195007614,,Litographs,November 2,,False,23.94,paid,,0,Germany,,Ratingen,40878,2
1371404566654,547459268734,2018-10-31 10:39:18,sherlock_blanket_standard_navyblue1,The Adventures of Sherlock Holmes,69.00,1,The Adventures of Sherlock Holmes,,0.00,1,,False,880,True,1301804417150,false,True,sherlock_blanket_standard,"[{'title': 'MwSt', 'price': '14.49', 'rate': 0.21, 'price_set': {'shop_money': {'amount': '14.49', 'currency_code': 'USD'}, 'presentment_money': {'amount': '14.49', 'currency_code': 'USD'}}}]",True,12158280302718,,Litographs,November 2,,False,23.94,paid,,0,Germany,,Ratingen,40878,2
1371404501118,547459235966,2018-10-31 10:38:37,wind_tee_unisex_l_brown,The Wind in the Willows - Unisex,34.00,1,The Wind in the Willows,Unisex,0.00,1,,False,150,True,151551117,false,True,wind_tee_unisex,[],True,25507263169,,Litographs,November 2,,False,0.00,paid,,0,Hong Kong,New Territories,Hong Kong,,1
1371394080894,547455008894,2018-10-31 09:52:35,acotar_tee_unisex_s_burgundy,A Court of Thorns and Roses - Unisex,34.00,1,A Court of Thorns and Roses,Unisex,0.00,1,,False,150,True,1301636055166,false,True,acotar_tee_unisex,[],True,12156848832638,,Litographs,November 2,,False,0.00,paid,,0,Czech Republic,,Olomouc,77200,1
1371393294462,547454615678,2018-10-31 09:48:15,bible2_tee_women_s_lavender,The Bible - Women's Crew,34.00,1,The Bible,Women's Crew,0.00,1,,False,150,True,8845993869,false,True,bible2_tee_women,"[{'title': 'GST', 'price': '3.06', 'rate': 0.1, 'price_set': {'shop_money': {'amount': '3.06', 'currency_code': 'USD'}, 'presentment_money': {'amount': '3.06', 'currency_code': 'USD'}}}]",True,30402349901,,Litographs,November 2,,False,7.12,paid,,6.80,Australia,Queensland,Brisbane,4152,1
1371393327230,547454615678,2018-10-31 09:48:15,wuthering_tee_vneck_m_bw,Wuthering Heights - Women's V-Neck,34.00,1,Wuthering Heights,Women's V-Neck,0.00,1,,False,150,True,151551715,false,True,wuthering_tee_vneck,"[{'title': 'GST', 'price': '3.06', 'rate': 0.1, 'price_set': {'shop_money': {'amount': '3.06', 'currency_code': 'USD'}, 'presentment_money': {'amount': '3.06', 'currency_code': 'USD'}}}]",True,25507525569,,Litographs,November 2,,False,7.12,paid,,6.80,Australia,Queensland,Brisbane,4152,1
1371392671870,547454353534,2018-10-31 09:40:32,lightning_tee_kids_l_seagreen1,The Lightning Thief - Children's,34.00,1,The Lightning Thief,Children's,0.00,1,,False,150,True,10724499533,false,True,lightning_tee_kids,[],True,43990667021,,Litographs,November 2,,False,0.00,paid,,0,United States,Pennsylvania,milford,18337,3
1371391557758,547453567102,2018-10-31 09:27:08,wizard_pillow_sand,The Wonderful Wizard of Oz,35.00,1,The Wonderful Wizard of Oz,,0.00,1,,False,392,True,1301795864702,false,True,wizard_pillow,"[{'title': 'VAT', 'price': '7.00', 'rate': 0.2, 'price_set': {'shop_money': {'amount': '7.00', 'currency_code': 'USD'}, 'presentment_money': {'amount': '7.00', 'currency_code': 'USD'}}}]",True,12158198513790,,Litographs,November 2,,False,9.00,paid,,0,United Kingdom,,London,SE1 5HJ,4
1371390836862,547453108350,2018-10-31 09:22:06,outlander_blanket_standard_lightblue1,Outlander,69.00,1,Outlander,,0.00,1,,False,880,True,1301802123390,false,True,outlander_blanket_standard,"[{'title': 'GST', 'price': '6.21', 'rate': 0.1, 'price_set': {'shop_money': {'amount': '6.21', 'currency_code': 'USD'}, 'presentment_money': {'amount': '6.21', 'currency_code': 'USD'}}}]",True,12158274633854,,Litographs,November 2,,False,11.11,paid,,6.90,Australia,Victoria,Preston,3072,2
1371390869630,547453108350,2018-10-31 09:22:06,alice_scarf_inf_serif_purple,Alice's Adventures in Wonderland - Infinity,39.00,1,Alice's Adventures in Wonderland,Infinity,0.00,1,,False,150,True,7833278529,false,True,alice_scarf_inf,"[{'title': 'GST', 'price': '3.90', 'rate': 0.1, 'price_set': {'shop_money': {'amount': '3.90', 'currency_code': 'USD'}, 'presentment_money': {'amount': '3.90', 'currency_code': 'USD'}}}]",True,25457486465,,Litographs,November 2,,False,11.11,paid,,6.90,Australia,Victoria,Preston,3072,2
1371390181502,547452747902,2018-10-31 09:12:46,expectations_tote_lavender5,Great Expectations,29.00,1,Great Expectations,,0.00,1,,False,454,True,151524695,false,True,expectations_tote,[],True,25470993985,,Litographs,November 2,,False,0.00,paid,,2.90,New Zealand,Wellington,Wellington,5028,1
1371388543102,547452059774,2018-10-31 08:57:18,pride3_tee_unisex_s_burgundy,Pride and Prejudice - Unisex,34.00,1,Pride and Prejudice,Unisex,0.00,1,,False,150,True,8514021133,false,True,pride3_tee_unisex,"[{'title': 'GST', 'price': '3.40', 'rate': 0.1, 'price_set': {'shop_money': {'amount': '3.40', 'currency_code': 'USD'}, 'presentment_money': {'amount': '3.40', 'currency_code': 'USD'}}}]",True,28961492557,,Litographs,November 2,,False,7.80,paid,,0,Australia,Western Australia,Toodyay,6566,1
1371388575870,547452059774,2018-10-31 08:57:18,think_tee_vneck_m_green1,Think and Grow Rich - Women's V-Neck,34.00,1,Think and Grow Rich,Women's V-Neck,0.00,1,,False,150,True,151551405,false,True,think_tee_vneck,"[{'title': 'GST', 'price': '3.40', 'rate': 0.1, 'price_set': {'shop_money': {'amount': '3.40', 'currency_code': 'USD'}, 'presentment_money': {'amount': '3.40', 'currency_code': 'USD'}}}]",True,25507338113,,Litographs,November 2,,False,7.80,paid,,0,Australia,Western Australia,Toodyay,6566,1
1371387822206,547451633790,2018-10-31 08:48:32,telltale_blanket_standard_seagreen1,The Tell-Tale Heart,69.00,1,The Tell-Tale Heart,,0.00,1,,False,880,True,1301804744830,false,True,telltale_blanket_standard,[],True,12158285742206,,Litographs,November 2,,False,0.00,paid,,20.70,United States,New Jersey,Somerset,08873,2
1371387854974,547451633790,2018-10-31 08:48:32,think_blanket_standard_navyblue1,Think and Grow Rich,69.00,1,Think and Grow Rich,,0.00,1,,False,880,True,1301804843134,false,True,think_blanket_standard,[],True,12158285840510,,Litographs,November 2,,False,0.00,paid,,20.70,United States,New Jersey,Somerset,08873,2
1371387887742,547451633790,2018-10-31 08:48:32,giver_blanket_standard_black,The Giver,69.00,1,The Giver,,0.00,1,,False,880,True,1301798846590,false,True,giver_blanket_standard,[],True,12158217846910,,Litographs,November 2,,False,0.00,paid,,20.70,United States,New Jersey,Somerset,08873,2
1371387396222,547451371646,2018-10-31 08:44:30,lesmis_pillow_bw,Les Misérables,35.00,1,Les Misérables,,0.00,1,,False,392,True,1301791047806,false,True,lesmis_pillow,[],True,12158177050750,,Litographs,November 2,,False,0.00,paid,,0,Ireland,Leitrim,Mohill,N41HE33,1
1371387428990,547451371646,2018-10-31 08:44:30,phantom_pillow_bw,The Phantom of the Opera,35.00,1,The Phantom of the Opera,,0.00,1,,False,392,True,1301793308798,false,True,phantom_pillow,[],True,12158195957886,,Litographs,November 2,,False,0.00,paid,,0,Ireland,Leitrim,Mohill,N41HE33,1
1371385299070,547450028158,2018-10-31 08:19:20,tess_tee_vneck_l_gray,Tess of the D'urbervilles - Women's V-Neck,34.00,1,Tess of the D'urbervilles,Women's V-Neck,0.00,1,,False,150,True,151545277,false,True,tess_tee_vneck,[],True,25506112257,,Litographs,November 2,,False,0.00,paid,,0,Israel,,Misgav,20142,1
1371383070846,547448848510,2018-10-31 07:39:08,treasure_tee_unisex_m_green,Treasure Island - Unisex,34.00,1,Treasure Island,Unisex,0.00,1,,False,150,True,151551497,false,True,treasure_tee_unisex,"[{'title': 'VAT', 'price': '6.80', 'rate': 0.2, 'price_set': {'shop_money': {'amount': '6.80', 'currency_code': 'USD'}, 'presentment_money': {'amount': '6.80', 'currency_code': 'USD'}}}]",True,25507406529,,Litographs,November 2,,False,8.80,paid,,0,United Kingdom,,Northampton,NN1 4TQ,1
1371381989502,547448258686,2018-10-31 07:25:06,slowregard_scarf_inf_serif_green3,The Slow Regard of Silent Things - Infinity,39.00,1,The Slow Regard of Silent Things,Infinity,0.00,1,,False,150,True,8416562561,false,True,slowregard_scarf_inf,[],True,28347349761,,Litographs,November 2,,False,0.00,paid,,0,United States,Washington,Lynnwood,98087,1
1371380023422,547447275646,2018-10-31 06:57:17,lesmis_scarf_inf_script_black,Les Miserables - Infinity,39.00,1,Les Miserables,Infinity,0.00,1,,False,150,True,7832857793,true,True,lesmis_scarf_inf,"[{'title': 'GST', 'price': '3.12', 'rate': 0.1, 'price_set': {'shop_money': {'amount': '3.12', 'currency_code': 'USD'}, 'presentment_money': {'amount': '3.12', 'currency_code': 'USD'}}}]",True,25454505217,,Litographs,November 2,quickship,False,6.44,paid,,13.60,Australia,Victoria,Saint Andrews Beach,3941,2
1371380056190,547447275646,2018-10-31 06:57:17,sherlock_origtee_unisex_l_darkgray,The Adventures of Sherlock Holmes - Unisex,29.00,1,The Adventures of Sherlock Holmes,Unisex,0.00,1,,False,150,True,10423615437,true,True,sherlock_origtee_unisex,"[{'title': 'GST', 'price': '2.32', 'rate': 0.1, 'price_set': {'shop_money': {'amount': '2.32', 'currency_code': 'USD'}, 'presentment_money': {'amount': '2.32', 'currency_code': 'USD'}}}]",True,40378515469,,Litographs,November 2,quickship,False,6.44,paid,,13.60,Australia,Victoria,Saint Andrews Beach,3941,2
1371379073150,547446816894,2018-10-31 06:47:37,default_grabbag_tee_unisex_2xl,T-shirt Grab Bag - Unisex / 2XL,17.00,2,T-shirt Grab Bag,Unisex / 2XL,0.00,1,,False,150,True,8644745037,true,True,default_grabbag_tee_unisex_2xl,[],False,29613107021,shopify,Litographs,November 2,default,False,0.00,partially_refunded,,0,New Zealand,Bay of Plenty,Omokoroa,3114,1
1371379040382,547446784126,2018-10-31 06:47:24,nancydrew_blanket_standard_lightblue6,Nancy Drew: The Secret of the Old Clock,69.00,1,Nancy Drew: The Secret of the Old Clock,,0.00,1,,False,880,True,1301801730174,false,True,nancydrew_blanket_standard,[],True,12158274011262,,Litographs,November 2,,False,0.00,paid,,0,Canada,Alberta,Lethbridge,T1K 8C9,3
1371370127486,547443671166,2018-10-31 05:52:36,glass2_pillow_red6,Throne of Glass,35.00,1,Throne of Glass,,0.00,1,,False,392,True,1301789900926,false,True,glass2_pillow,"[{'title': 'GST', 'price': '3.50', 'rate': 0.1, 'price_set': {'shop_money': {'amount': '3.50', 'currency_code': 'USD'}, 'presentment_money': {'amount': '3.50', 'currency_code': 'USD'}}}]",True,12158175903870,,Litographs,November 2,,False,4.50,paid,,0,Australia,Queensland,Chelmer,4068,1
1371368521854,547442917502,2018-10-31 05:43:10,pridesolid_tee_unisex_s_script_navyblue,Pride and Prejudice - Unisex,34.00,1,Pride and Prejudice,Unisex,0.00,1,,False,150,True,9533128269,false,True,pridesolid_tee_unisex,"[{'title': 'GST', 'price': '3.40', 'rate': 0.1, 'price_set': {'shop_money': {'amount': '3.40', 'currency_code': 'USD'}, 'presentment_money': {'amount': '3.40', 'currency_code': 'USD'}}}]",True,35305179789,,Litographs,November 2,,False,4.40,paid,,0,Australia,New South Wales,Summer Hill,2130,1
1371366948990,547441967230,2018-10-31 05:27:48,pb1book_blanket_standard_bw,The Princess Bride,69.00,1,The Princess Bride,,0.00,1,,False,880,True,1301802221694,false,True,pb1_blanket_standard,[],True,12158274732158,,Litographs,November 2,,False,0.00,paid,,0,United States,California,San Francisco,94105,3
1371366457470,547441770622,2018-10-31 05:24:26,pride_scarf_inf_script_navyblue,Pride and Prejudice - Infinity,39.00,1,Pride and Prejudice,Infinity,0.00,1,,False,150,True,7833327809,true,True,pride_scarf_inf,[],True,25457723969,,Litographs,November 2,quickship,False,0.00,paid,,7.80,United States,California,El Dorado Hills,95762,1
1371366490238,547441770622,2018-10-31 05:24:26,sun_12x16_black,The Sun Also Rises - 12x16 Matted,19.00,1,The Sun Also Rises,12x16 Matted,0.00,1,,False,227,True,417787605,false,True,sun_12x16,[],True,25511971009,,Litographs,November 9,,False,0.00,paid,,7.80,United States,California,El Dorado Hills,95762,1
1371364917374,547440722046,2018-10-31 05:06:44,darwin_tee_unisex_l_darkgreen1,On the Origin of Species - Unisex,34.00,1,On the Origin of Species,Unisex,0.00,1,,False,150,True,151526001,false,True,darwin_tee_unisex,[],True,25505529153,,Litographs,November 2,,False,0.00,paid,,17.00,United States,California,Nevada City,95959,1
1371364950142,547440722046,2018-10-31 05:06:44,brief_tee_unisex_m_darkblue,A Brief History of Time - Unisex,34.00,1,A Brief History of Time,Unisex,0.00,1,,False,150,True,8281271681,false,True,brief_tee_unisex,[],True,27743749953,,Litographs,November 2,,False,0.00,paid,,17.00,United States,California,Nevada City,95959,1
1371364982910,547440722046,2018-10-31 05:06:44,franklin_tee_unisex_l_navyblue1,The Autobiography of Benjamin Franklin - Unisex,34.00,1,The Autobiography of Benjamin Franklin,Unisex,0.00,1,,False,150,True,151546447,false,True,franklin_tee_unisex,[],True,25506291585,,Litographs,November 2,,False,0.00,paid,,17.00,United States,California,Nevada City,95959,1
1371365015678,547440722046,2018-10-31 05:06:44,bfg_tee_kids_m_green5,The BFG - Children's,34.00,1,The BFG,Children's,0.00,1,,False,150,True,151223336973,false,True,bfg_tee_kids,[],True,1593068322829,,Litographs,November 2,,False,0.00,paid,,17.00,United States,California,Nevada City,95959,1
1371365048446,547440722046,2018-10-31 05:06:44,bfg_tee_unisex_m_green5,The BFG - Unisex,34.00,1,The BFG,Unisex,0.00,1,,False,150,True,151223336973,false,True,bfg_tee_unisex,[],True,1593068224525,,Litographs,November 2,,False,0.00,paid,,17.00,United States,California,Nevada City,95959,1
1371363606654,547439870078,2018-10-31 04:51:48,bible_scarf_inf_mono_black,The Bible - Infinity,39.00,1,The Bible,Infinity,0.00,1,,False,150,True,8414537345,false,True,bible_scarf_inf,[],True,28338623681,,Litographs,November 2,,False,0.00,paid,,0,United States,California,Laguna Niguel,92677,1
1371363573886,547439837310,2018-10-31 04:51:41,gatsby_tee_vneck_2xl_navyblue1,The Great Gatsby - Women's V-Neck,34.00,1,The Great Gatsby,Women's V-Neck,0.00,1,,False,150,True,151547435,true,True,gatsby_tee_vneck,[],True,25506566529,,Litographs,November 2,quickship,False,0.00,paid,,6.80,United States,California,Highland,92346,1
1371362295934,547438821502,2018-10-31 04:39:33,kingkiller1_tee_unisex_m_black,The Name of the Wind - Unisex,34.00,1,The Name of the Wind,Unisex,0.00,1,,False,150,True,8551318349,false,True,kingkiller1_tee_unisex,[],True,29125880077,,Litographs,November 2,,False,0.00,paid,,0,United States,Texas,Garland,75040,1
1371362066558,547438624894,2018-10-31 04:37:45,dorian_12x16_navyblue1,The Picture of Dorian Gray - 12x16 Matted,19.00,1,The Picture of Dorian Gray,12x16 Matted,0.00,1,,False,227,True,114398310,false,True,dorian_12x16,[],True,25511908033,,Litographs,November 9,,False,0.00,paid,,6.90,United States,Wisconsin,Stoughton,53589,4
1371362099326,547438624894,2018-10-31 04:37:45,pride_blanket_standard_limegreen,Pride and Prejudice,69.00,1,Pride and Prejudice,,0.00,1,,False,880,True,1301803008126,false,True,pride_blanket_standard,[],True,12158275747966,,Litographs,November 2,,False,0.00,paid,,6.90,United States,Wisconsin,Stoughton,53589,4
1371361640574,547438428286,2018-10-31 04:36:36,phenomenal_pillow_burgundy1,Phenomenal Woman: Four Poems Celebrating Women,35.00,1,Phenomenal Woman: Four Poems Celebrating Women,,0.00,1,,False,392,True,1301793341566,false,True,phenomenal_pillow,[],True,12158195990654,,Litographs,November 2,,False,0.00,paid,,17.50,United States,Florida,Davenport,33837,4
1371361673342,547438428286,2018-10-31 04:36:36,princess_pillow_brown,A Little Princess,35.00,1,A Little Princess,,0.00,1,,False,392,True,1301793734782,false,True,princess_pillow,[],True,12158196383870,,Litographs,November 2,,False,0.00,paid,,17.50,United States,Florida,Davenport,33837,4
1371361706110,547438428286,2018-10-31 04:36:36,huck_pillow_lavender1,Adventures of Huckleberry Finn,35.00,1,Adventures of Huckleberry Finn,,0.00,1,,False,392,True,1301790326910,false,True,huck_pillow,[],True,12158176329854,,Litographs,November 2,,False,0.00,paid,,17.50,United States,Florida,Davenport,33837,4
1371361738878,547438428286,2018-10-31 04:36:36,quixote_pillow_navyblue1,Don Quixote,35.00,1,Don Quixote,,0.00,1,,False,392,True,1301793865854,false,True,quixote_pillow,[],True,12158196514942,,Litographs,November 2,,False,0.00,paid,,17.50,United States,Florida,Davenport,33837,4
1371361771646,547438428286,2018-10-31 04:36:36,wuthering_pillow_lavender4,Wuthering Heights,35.00,1,Wuthering Heights,,0.00,1,,False,392,True,1301796094078,false,True,wuthering_pillow,[],True,12158198743166,,Litographs,November 2,,False,0.00,paid,,17.50,United States,Florida,Davenport,33837,4
1371360854142,547437903998,2018-10-31 04:29:29,babel_tee_vneck_2xl_green,The Dogs of Babel - Women's V-Neck,34.00,1,The Dogs of Babel,Women's V-Neck,0.00,1,,False,150,True,1072881665,false,True,babel_tee_vneck,"[{'title': 'NY State Tax', 'price': '0.00', 'rate': 0.04, 'price_set': {'shop_money': {'amount': '0.00', 'currency_code': 'USD'}, 'presentment_money': {'amount': '0.00', 'currency_code': 'USD'}}}, {'title': 'Columbia County Tax', 'price': '0.00', 'rate': 0.04, 'price_set': {'shop_money': {'amount': '0.00', 'currency_code': 'USD'}, 'presentment_money': {'amount': '0.00', 'currency_code': 'USD'}}}]",True,25506515713,,Litographs,November 2,,False,0.00,paid,,0,United States,New York,Niverville,12130,1
1371358265470,547436757118,2018-10-31 04:17:55,lesmis_blanket_standard_darkblue3,Les Misérables,69.00,1,Les Misérables,,0.00,1,,False,880,True,1301800943742,false,True,lesmis_blanket_standard,[],True,12158256349310,,Litographs,November 2,,False,0.00,paid,,0,United States,Indiana,Columbia City,46725,1
1371357347966,547436068990,2018-10-31 04:08:01,freud_scarf_inf_script_darkblue,Dream Psychology - Infinity,39.00,1,Dream Psychology,Infinity,0.00,1,,False,150,True,8415170433,false,True,freud_scarf_inf,"[{'title': 'GST', 'price': '3.90', 'rate': 0.1, 'price_set': {'shop_money': {'amount': '3.90', 'currency_code': 'USD'}, 'presentment_money': {'amount': '3.90', 'currency_code': 'USD'}}}]",True,28341401857,,Litographs,November 2,,False,8.80,paid,,0,Australia,Victoria,Toorak,3142,1
1371357380734,547436068990,2018-10-31 04:08:01,engine_scarf_inf_sans_navyblue,The Little Engine That Could - Infinity,39.00,1,The Little Engine That Could,Infinity,0.00,1,,False,150,True,398522220557,false,True,engine_scarf_inf,"[{'title': 'GST', 'price': '3.90', 'rate': 0.1, 'price_set': {'shop_money': {'amount': '3.90', 'currency_code': 'USD'}, 'presentment_money': {'amount': '3.90', 'currency_code': 'USD'}}}]",True,4023006003213,,Litographs,November 2,,False,8.80,paid,,0,Australia,Victoria,Toorak,3142,1
